Date,Close
2004-01-02,824.1
2004-01-05,824.1
2004-01-06,823.43
2004-01-07,827.07
2004-01-08,824.15
2004-01-09,845.27
2004-01-12,850.79
2004-01-13,848.43
2004-01-14,849.62
2004-01-15,845.66
2004-01-16,847.95
2004-01-19,856.8
2004-01-20,861.37
2004-01-26,869.04
2004-01-27,863.03
2004-01-28,859.59
2004-01-29,853.47
2004-01-30,848.5
2004-02-02,854.89
2004-02-03,839.87
2004-02-04,835.5
2004-02-05,840.92
2004-02-06,850.23
2004-02-09,864.77
2004-02-10,866.8
2004-02-11,876.34
2004-02-12,877.95
2004-02-13,882.18
2004-02-16,881.28
2004-02-17,884.8
2004-02-18,877.1
2004-02-19,881.65
2004-02-20,877.49
2004-02-23,877.52
2004-02-24,864.59
2004-02-25,866.87
2004-02-26,864.86
2004-02-27,883.42
2004-03-02,899.21
2004-03-03,895.81
2004-03-04,907.43
2004-03-05,905.38
2004-03-08,900.1
2004-03-09,891.58
2004-03-10,876.02
2004-03-11,869.93
2004-03-12,848.8
2004-03-15,852.26
2004-03-16,850.13
2004-03-17,872.38
2004-03-18,872.82
2004-03-19,883.33
2004-03-22,863.69
2004-03-23,866.17
2004-03-24,861.72
2004-03-25,853.38
2004-03-26,863.95
2004-03-29,874.67
2004-03-30,873.46
2004-03-31,880.5
2004-04-01,882.75
2004-04-02,883.69
2004-04-06,906.19
2004-04-07,909.93
2004-04-08,916.86
2004-04-09,905.44
2004-04-12,918.86
2004-04-13,917.63
2004-04-14,916.31
2004-04-16,898.88
2004-04-19,902.1
2004-04-20,918.9
2004-04-21,929.95
2004-04-22,924.01
2004-04-23,936.06
2004-04-26,919.74
2004-04-27,915.47
2004-04-28,901.83
2004-04-29,875.41
2004-04-30,862.84
2004-05-03,866.11
2004-05-04,867.48
2004-05-06,837.68
2004-05-07,838.74
2004-05-10,790.68
2004-05-11,791.02
2004-05-12,817.09
2004-05-13,790.13
2004-05-14,768.46
2004-05-17,728.98
2004-05-18,741.99
2004-05-19,777.95
2004-05-20,767.79
2004-05-21,786.36
2004-05-24,799.64
2004-05-25,784.06
2004-05-27,802.46
2004-05-28,816.51
2004-05-31,803.84
2004-06-01,815.77
2004-06-02,804.39
2004-06-03,770.06
2004-06-04,780.74
2004-06-07,809.45
2004-06-08,809.31
2004-06-09,794.53
2004-06-10,782.3
2004-06-11,751.53
2004-06-14,738.79
2004-06-15,752.1
2004-06-16,752.34
2004-06-17,760.09
2004-06-18,741.73
2004-06-21,749.3
2004-06-22,746.48
2004-06-23,738.93
2004-06-24,763.13
2004-06-25,779.03
2004-06-28,770.95
2004-06-29,778.72
2004-06-30,785.79
2004-07-01,778.03
2004-07-02,755.42
2004-07-05,756.72
2004-07-06,758.47
2004-07-07,761.88
2004-07-08,743.64
2004-07-09,747.46
2004-07-12,746.27
2004-07-13,750.95
2004-07-14,736.57
2004-07-15,732.74
2004-07-16,739.39
2004-07-19,750.4
2004-07-20,737
2004-07-21,753.32
2004-07-22,742.63
2004-07-23,737.51
2004-07-26,736.21
2004-07-27,738.51
2004-07-28,744.42
2004-07-29,730.61
2004-07-30,735.34
2004-08-02,719.59
2004-08-03,726.44
2004-08-04,729.41
2004-08-05,743.35
2004-08-06,733.95
2004-08-09,742.13
2004-08-10,748.62
2004-08-11,753.06
2004-08-12,766.7
2004-08-13,776.02
2004-08-16,773.85
2004-08-17,771.03
2004-08-18,773.19
2004-08-19,788.53
2004-08-20,787.64
2004-08-23,787.65
2004-08-24,792.34
2004-08-25,803.97
2004-08-26,810.21
2004-08-27,810.3
2004-08-30,805.19
2004-08-31,803.57
2004-09-01,817.36
2004-09-02,823.83
2004-09-03,820.69
2004-09-06,824.21
2004-09-07,818.8
2004-09-08,815.85
2004-09-09,821.88
2004-09-10,836.34
2004-09-13,851.91
2004-09-14,851.42
2004-09-15,850.63
2004-09-16,855.38
2004-09-17,848.11
2004-09-20,856.87
2004-09-21,857.15
2004-09-22,835.1
2004-09-23,829.68
2004-09-24,832.1
2004-09-30,835.09
2004-10-01,846.01
2004-10-04,880.84
2004-10-05,884.84
2004-10-06,887.45
2004-10-07,885.33
2004-10-08,881.38
2004-10-11,881.11
2004-10-12,858.09
2004-10-13,856.18
2004-10-14,846.63
2004-10-15,841.94
2004-10-18,848.27
2004-10-19,855.77
2004-10-20,828.61
2004-10-21,820.63
2004-10-22,828.17
2004-10-25,808.14
2004-10-26,813.7
2004-10-27,809.91
2004-10-28,833.54
2004-10-29,834.84
2004-11-01,835.66
2004-11-02,846.67
2004-11-03,861.05
2004-11-04,851.2
2004-11-05,860.68
2004-11-08,846.11
2004-11-09,844.15
2004-11-10,860.54
2004-11-11,861.26
2004-11-12,876.67
2004-11-15,882.33
2004-11-16,876.61
2004-11-17,885.42
2004-11-18,875.84
2004-11-19,867.03
2004-11-22,849.99
2004-11-23,860.4
2004-11-24,872.56
2004-11-25,872.49
2004-11-26,858.12
2004-11-29,865.4
2004-11-30,878.06
2004-12-01,876.8
2004-12-02,884.1
2004-12-03,882.55
2004-12-06,870.75
2004-12-07,861.07
2004-12-08,871.74
2004-12-09,861.31
2004-12-10,844.85
2004-12-13,844.2
2004-12-14,849.4
2004-12-15,868.84
2004-12-16,873.7
2004-12-17,875.13
2004-12-20,884.31
2004-12-21,882.82
2004-12-22,883.38
2004-12-23,876.88
2004-12-24,879.92
2004-12-27,876.98
2004-12-28,878.43
2004-12-29,884.27
2004-12-30,895.92
2005-01-03,893.71
2005-01-04,886.9
2005-01-05,885.19
2005-01-06,871.28
2005-01-07,870.84
2005-01-10,874.18
2005-01-11,884.29
2005-01-12,880.03
2005-01-13,885.54
2005-01-14,905.1
2005-01-17,923.08
2005-01-18,920.57
2005-01-19,916.27
2005-01-20,909.37
2005-01-21,919.61
2005-01-24,923.11
2005-01-25,915.1
2005-01-26,927
2005-01-27,924.87
2005-01-28,921.59
2005-01-31,932.7
2005-02-01,923.69
2005-02-02,921.44
2005-02-03,928.79
2005-02-04,933.55
2005-02-07,949.19
2005-02-11,947.23
2005-02-14,964.79
2005-02-15,968.88
2005-02-16,971.56
2005-02-17,972.56
2005-02-18,984.1
2005-02-21,988.71
2005-02-22,977.8
2005-02-23,968.43
2005-02-24,987.1
2005-02-25,996.95
2005-02-28,"1,011.36"
2005-03-02,"1,007.48"
2005-03-03,"1,010.92"
2005-03-04,"1,012.96"
2005-03-07,"1,007.50"
2005-03-08,"1,000.28"
2005-03-09,"1,008.79"
2005-03-10,998.66
2005-03-11,"1,022.79"
2005-03-14,"1,019.69"
2005-03-15,993.13
2005-03-16,993.13
2005-03-17,980.05
2005-03-18,979.72
2005-03-21,979.27
2005-03-22,980.41
2005-03-23,966.81
2005-03-24,956.33
2005-03-25,965.3
2005-03-28,977.7
2005-03-29,958.96
2005-03-30,955.45
2005-03-31,965.68
2005-04-01,981.9
2005-04-04,982.5
2005-04-06,988
2005-04-07,988.9
2005-04-08,992.17
2005-04-11,985.94
2005-04-12,981.79
2005-04-13,981.31
2005-04-14,953.92
2005-04-15,947.22
2005-04-18,925
2005-04-19,932.45
2005-04-20,937.36
2005-04-21,939.14
2005-04-22,940.79
2005-04-25,946.17
2005-04-26,944.46
2005-04-27,930.16
2005-04-28,917.73
2005-04-29,911.3
2005-05-02,918.42
2005-05-03,913.82
2005-05-04,929.35
2005-05-06,940.85
2005-05-09,935.2
2005-05-10,934.28
2005-05-11,923.38
2005-05-12,921.21
2005-05-13,923.19
2005-05-16,929.04
2005-05-17,927.16
2005-05-18,930.36
2005-05-19,952.09
2005-05-20,952.19
2005-05-23,951.05
2005-05-24,951.61
2005-05-25,941.3
2005-05-26,943.91
2005-05-27,960.91
2005-05-30,969.04
2005-05-31,970.21
2005-06-01,969.51
2005-06-02,970.88
2005-06-03,976.09
2005-06-07,970.88
2005-06-08,976.22
2005-06-09,987.58
2005-06-10,990.79
2005-06-13,990.49
2005-06-14,983.75
2005-06-15,"1,001.94"
2005-06-16,"1,003.14"
2005-06-17,"1,003.68"
2005-06-20,994.65
2005-06-21,989.99
2005-06-22,"1,002.15"
2005-06-23,"1,010.80"
2005-06-24,"1,002.43"
2005-06-27,991.11
2005-06-28,994.74
2005-06-29,999.08
2005-06-30,"1,008.16"
2005-07-01,"1,018.02"
2005-07-04,"1,021.71"
2005-07-05,"1,018.81"
2005-07-06,"1,019.01"
2005-07-07,"1,026.82"
2005-07-08,"1,021.95"
2005-07-11,"1,040.43"
2005-07-12,"1,043.88"
2005-07-13,"1,050.16"
2005-07-14,"1,061.93"
2005-07-15,"1,059.60"
2005-07-18,"1,062.43"
2005-07-19,"1,075.48"
2005-07-20,"1,074.40"
2005-07-21,"1,074.65"
2005-07-22,"1,074.22"
2005-07-25,"1,089.70"
2005-07-26,"1,090.60"
2005-07-27,"1,093.03"
2005-07-28,"1,104.72"
2005-07-29,"1,111.29"
2005-08-01,"1,115.98"
2005-08-02,"1,118.83"
2005-08-03,"1,117.11"
2005-08-04,"1,111.39"
2005-08-05,"1,089.36"
2005-08-08,"1,086.64"
2005-08-09,"1,099.77"
2005-08-10,"1,104.86"
2005-08-11,"1,123.77"
2005-08-12,"1,130.22"
2005-08-16,"1,116.93"
2005-08-17,"1,113.25"
2005-08-18,"1,092.71"
2005-08-19,"1,089.88"
2005-08-22,"1,116.68"
2005-08-23,"1,115.84"
2005-08-24,"1,094.21"
2005-08-25,"1,097.29"
2005-08-26,"1,086.55"
2005-08-29,"1,063.16"
2005-08-30,"1,072.61"
2005-08-31,"1,083.33"
2005-09-01,"1,106.37"
2005-09-02,"1,115.83"
2005-09-05,"1,114.50"
2005-09-06,"1,122.65"
2005-09-07,"1,142.99"
2005-09-08,"1,145.26"
2005-09-09,"1,152.50"
2005-09-12,"1,158.36"
2005-09-13,"1,158.12"
2005-09-14,"1,170.77"
2005-09-15,"1,169.59"
2005-09-16,"1,174.13"
2005-09-20,"1,190.93"
2005-09-21,"1,196.67"
2005-09-22,"1,199.97"
2005-09-23,"1,175.88"
2005-09-26,"1,206.41"
2005-09-27,"1,209.63"
2005-09-28,"1,228.57"
2005-09-29,"1,231.22"
2005-09-30,"1,221.01"
2005-10-04,"1,242.78"
2005-10-05,"1,227.40"
2005-10-06,"1,202.49"
2005-10-07,"1,201.01"
2005-10-10,"1,227.18"
2005-10-11,"1,244.27"
2005-10-12,"1,217.06"
2005-10-13,"1,193.44"
2005-10-14,"1,190.17"
2005-10-17,"1,176.36"
2005-10-18,"1,186.22"
2005-10-19,"1,153.13"
2005-10-20,"1,162.23"
2005-10-21,"1,183.48"
2005-10-24,"1,184.60"
2005-10-25,"1,181.28"
2005-10-26,"1,179.00"
2005-10-27,"1,166.36"
2005-10-28,"1,140.72"
2005-10-31,"1,158.11"
2005-11-01,"1,188.95"
2005-11-02,"1,208.38"
2005-11-03,"1,217.97"
2005-11-04,"1,221.98"
2005-11-07,"1,218.47"
2005-11-08,"1,226.71"
2005-11-09,"1,227.59"
2005-11-10,"1,234.43"
2005-11-11,"1,256.12"
2005-11-14,"1,257.63"
2005-11-15,"1,253.86"
2005-11-16,"1,267.16"
2005-11-17,"1,269.35"
2005-11-18,"1,272.25"
2005-11-21,"1,268.80"
2005-11-22,"1,244.50"
2005-11-23,"1,282.02"
2005-11-24,"1,291.71"
2005-11-25,"1,293.22"
2005-11-28,"1,293.74"
2005-11-29,"1,279.38"
2005-11-30,"1,297.44"
2005-12-01,"1,305.98"
2005-12-02,"1,310.12"
2005-12-05,"1,315.15"
2005-12-06,"1,321.06"
2005-12-07,"1,324.75"
2005-12-08,"1,324.20"
2005-12-09,"1,317.42"
2005-12-12,"1,333.23"
2005-12-13,"1,336.48"
2005-12-14,"1,334.27"
2005-12-15,"1,337.68"
2005-12-16,"1,321.04"
2005-12-19,"1,339.40"
2005-12-20,"1,341.00"
2005-12-21,"1,354.16"
2005-12-22,"1,350.87"
2005-12-23,"1,359.53"
2005-12-26,"1,367.57"
2005-12-27,"1,373.55"
2005-12-28,"1,368.16"
2005-12-29,"1,379.37"
2006-01-02,"1,389.27"
2006-01-03,"1,394.87"
2006-01-04,"1,402.11"
2006-01-05,"1,395.51"
2006-01-06,"1,412.78"
2006-01-09,"1,408.33"
2006-01-10,"1,396.29"
2006-01-11,"1,394.09"
2006-01-12,"1,402.58"
2006-01-13,"1,416.28"
2006-01-16,"1,421.79"
2006-01-17,"1,389.58"
2006-01-18,"1,352.91"
2006-01-19,"1,360.64"
2006-01-20,"1,324.78"
2006-01-23,"1,297.43"
2006-01-24,"1,326.83"
2006-01-25,"1,342.59"
2006-01-26,"1,352.75"
2006-01-27,"1,384.56"
2006-01-31,"1,399.83"
2006-02-01,"1,375.97"
2006-02-02,"1,374.44"
2006-02-03,"1,333.50"
2006-02-06,"1,341.64"
2006-02-07,"1,332.28"
2006-02-08,"1,310.99"
2006-02-09,"1,321.66"
2006-02-10,"1,335.23"
2006-02-13,"1,320.79"
2006-02-14,"1,328.21"
2006-02-15,"1,303.84"
2006-02-16,"1,314.32"
2006-02-17,"1,332.73"
2006-02-20,"1,348.25"
2006-02-21,"1,346.49"
2006-02-22,"1,340.58"
2006-02-23,"1,361.23"
2006-02-24,"1,365.82"
2006-02-27,"1,374.88"
2006-02-28,"1,371.59"
2006-03-02,"1,367.70"
2006-03-03,"1,328.95"
2006-03-06,"1,344.76"
2006-03-07,"1,316.67"
2006-03-08,"1,314.05"
2006-03-09,"1,311.21"
2006-03-10,"1,320.07"
2006-03-13,"1,338.28"
2006-03-14,"1,326.30"
2006-03-15,"1,333.98"
2006-03-16,"1,335.98"
2006-03-17,"1,341.12"
2006-03-20,"1,346.69"
2006-03-21,"1,336.65"
2006-03-22,"1,309.83"
2006-03-23,"1,312.26"
2006-03-24,"1,321.23"
2006-03-27,"1,330.34"
2006-03-28,"1,331.31"
2006-03-29,"1,332.72"
2006-03-30,"1,338.14"
2006-03-31,"1,359.60"
2006-04-03,"1,379.75"
2006-04-04,"1,385.64"
2006-04-05,"1,388.77"
2006-04-06,"1,397.00"
2006-04-07,"1,402.36"
2006-04-10,"1,398.29"
2006-04-11,"1,386.08"
2006-04-12,"1,383.59"
2006-04-13,"1,405.72"
2006-04-14,"1,432.72"
2006-04-17,"1,422.63"
2006-04-18,"1,427.00"
2006-04-19,"1,437.84"
2006-04-20,"1,434.15"
2006-04-21,"1,451.31"
2006-04-24,"1,430.94"
2006-04-25,"1,431.15"
2006-04-26,"1,451.22"
2006-04-27,"1,452.53"
2006-04-28,"1,419.73"
2006-05-02,"1,434.90"
2006-05-03,"1,435.17"
2006-05-04,"1,441.02"
2006-05-08,"1,452.23"
2006-05-09,"1,450.44"
2006-05-10,"1,451.09"
2006-05-11,"1,464.70"
2006-05-12,"1,445.20"
2006-05-15,"1,413.98"
2006-05-16,"1,382.11"
2006-05-17,"1,401.47"
2006-05-18,"1,365.15"
2006-05-19,"1,372.29"
2006-05-22,"1,338.59"
2006-05-23,"1,329.86"
2006-05-24,"1,333.38"
2006-05-25,"1,295.76"
2006-05-26,"1,322.43"
2006-05-29,"1,329.22"
2006-05-30,"1,317.70"
2006-06-01,"1,295.09"
2006-06-02,"1,309.04"
2006-06-05,"1,301.62"
2006-06-07,"1,266.84"
2006-06-08,"1,223.13"
2006-06-09,"1,235.65"
2006-06-12,"1,239.84"
2006-06-13,"1,203.86"
2006-06-14,"1,221.73"
2006-06-15,"1,219.40"
2006-06-16,"1,262.19"
2006-06-19,"1,251.67"
2006-06-20,"1,225.83"
2006-06-21,"1,227.19"
2006-06-22,"1,238.83"
2006-06-23,"1,228.62"
2006-06-26,"1,238.05"
2006-06-27,"1,247.54"
2006-06-28,"1,238.71"
2006-06-29,"1,263.02"
2006-06-30,"1,295.15"
2006-07-03,"1,294.61"
2006-07-04,"1,285.92"
2006-07-05,"1,279.85"
2006-07-06,"1,263.96"
2006-07-07,"1,273.93"
2006-07-10,"1,299.29"
2006-07-11,"1,300.44"
2006-07-12,"1,296.69"
2006-07-13,"1,285.02"
2006-07-14,"1,255.13"
2006-07-18,"1,233.42"
2006-07-19,"1,233.65"
2006-07-20,"1,273.30"
2006-07-21,"1,271.33"
2006-07-24,"1,263.35"
2006-07-25,"1,279.77"
2006-07-26,"1,279.08"
2006-07-27,"1,296.27"
2006-07-28,"1,297.07"
2006-07-31,"1,297.82"
2006-08-01,"1,287.36"
2006-08-02,"1,295.11"
2006-08-03,"1,292.05"
2006-08-04,"1,304.51"
2006-08-07,"1,289.54"
2006-08-08,"1,311.10"
2006-08-09,"1,314.93"
2006-08-10,"1,304.31"
2006-08-11,"1,292.10"
2006-08-14,"1,295.11"
2006-08-16,"1,315.61"
2006-08-17,"1,327.78"
2006-08-18,"1,331.10"
2006-08-21,"1,321.67"
2006-08-22,"1,334.96"
2006-08-23,"1,324.95"
2006-08-24,"1,315.73"
2006-08-25,"1,329.35"
2006-08-28,"1,327.89"
2006-08-29,"1,344.61"
2006-08-30,"1,341.35"
2006-08-31,"1,352.74"
2006-09-01,"1,356.67"
2006-09-04,"1,359.06"
2006-09-05,"1,361.24"
2006-09-06,"1,357.01"
2006-09-07,"1,351.17"
2006-09-08,"1,354.89"
2006-09-11,"1,334.08"
2006-09-12,"1,328.04"
2006-09-13,"1,333.13"
2006-09-14,"1,358.75"
2006-09-15,"1,361.10"
2006-09-18,"1,374.30"
2006-09-19,"1,373.95"
2006-09-20,"1,366.44"
2006-09-21,"1,366.79"
2006-09-22,"1,348.38"
2006-09-25,"1,355.21"
2006-09-26,"1,343.97"
2006-09-27,"1,360.03"
2006-09-28,"1,371.43"
2006-09-29,"1,371.41"
2006-10-02,"1,374.22"
2006-10-04,"1,352.00"
2006-10-09,"1,319.40"
2006-10-10,"1,328.37"
2006-10-11,"1,325.49"
2006-10-12,"1,331.78"
2006-10-13,"1,348.60"
2006-10-16,"1,356.72"
2006-10-17,"1,351.30"
2006-10-18,"1,354.26"
2006-10-19,"1,354.06"
2006-10-20,"1,364.24"
2006-10-23,"1,364.95"
2006-10-24,"1,366.50"
2006-10-25,"1,371.43"
2006-10-26,"1,373.65"
2006-10-27,"1,369.09"
2006-10-30,"1,356.11"
2006-10-31,"1,364.55"
2006-11-01,"1,374.35"
2006-11-02,"1,383.73"
2006-11-03,"1,383.88"
2006-11-06,"1,379.19"
2006-11-07,"1,387.44"
2006-11-08,"1,380.07"
2006-11-09,"1,399.44"
2006-11-10,"1,395.73"
2006-11-13,"1,396.69"
2006-11-14,"1,407.37"
2006-11-15,"1,412.54"
2006-11-16,"1,410.75"
2006-11-17,"1,412.22"
2006-11-20,"1,402.21"
2006-11-21,"1,405.90"
2006-11-22,"1,422.54"
2006-11-23,"1,419.23"
2006-11-24,"1,421.73"
2006-11-27,"1,425.13"
2006-11-28,"1,411.47"
2006-11-29,"1,422.55"
2006-11-30,"1,432.21"
2006-12-01,"1,434.36"
2006-12-04,"1,426.46"
2006-12-05,"1,420.59"
2006-12-06,"1,413.73"
2006-12-07,"1,410.30"
2006-12-08,"1,390.43"
2006-12-11,"1,390.73"
2006-12-12,"1,376.98"
2006-12-13,"1,383.28"
2006-12-14,"1,418.38"
2006-12-15,"1,421.87"
2006-12-18,"1,433.23"
2006-12-19,"1,427.76"
2006-12-20,"1,442.28"
2006-12-21,"1,436.47"
2006-12-22,"1,437.49"
2006-12-26,"1,433.92"
2006-12-27,"1,425.10"
2006-12-28,"1,434.46"
2007-01-02,"1,435.26"
2007-01-03,"1,409.35"
2007-01-04,"1,397.29"
2007-01-05,"1,385.76"
2007-01-08,"1,370.81"
2007-01-09,"1,374.34"
2007-01-10,"1,355.79"
2007-01-11,"1,365.31"
2007-01-12,"1,388.37"
2007-01-15,"1,390.96"
2007-01-16,"1,389.71"
2007-01-17,"1,379.48"
2007-01-18,"1,383.21"
2007-01-19,"1,360.56"
2007-01-22,"1,363.41"
2007-01-23,"1,363.09"
2007-01-24,"1,383.06"
2007-01-25,"1,382.36"
2007-01-26,"1,371.33"
2007-01-29,"1,363.10"
2007-01-30,"1,370.72"
2007-01-31,"1,360.23"
2007-02-01,"1,382.90"
2007-02-02,"1,413.14"
2007-02-05,"1,417.95"
2007-02-06,"1,428.58"
2007-02-07,"1,426.29"
2007-02-08,"1,423.58"
2007-02-09,"1,427.68"
2007-02-12,"1,414.29"
2007-02-13,"1,418.44"
2007-02-14,"1,436.10"
2007-02-15,"1,443.63"
2007-02-16,"1,448.81"
2007-02-20,"1,452.96"
2007-02-21,"1,451.38"
2007-02-22,"1,465.41"
2007-02-23,"1,469.88"
2007-02-26,"1,470.03"
2007-02-27,"1,454.60"
2007-02-28,"1,417.34"
2007-03-02,"1,414.47"
2007-03-05,"1,376.15"
2007-03-06,"1,402.93"
2007-03-07,"1,410.95"
2007-03-08,"1,423.89"
2007-03-09,"1,423.58"
2007-03-12,"1,441.33"
2007-03-13,"1,436.05"
2007-03-14,"1,407.37"
2007-03-15,"1,426.93"
2007-03-16,"1,427.88"
2007-03-19,"1,443.39"
2007-03-20,"1,444.17"
2007-03-21,"1,442.85"
2007-03-22,"1,448.53"
2007-03-23,"1,447.38"
2007-03-26,"1,449.77"
2007-03-27,"1,453.23"
2007-03-28,"1,439.74"
2007-03-29,"1,450.95"
2007-03-30,"1,452.55"
2007-04-02,"1,459.53"
2007-04-03,"1,463.75"
2007-04-04,"1,483.41"
2007-04-05,"1,482.04"
2007-04-06,"1,484.15"
2007-04-09,"1,501.06"
2007-04-10,"1,499.16"
2007-04-11,"1,513.42"
2007-04-12,"1,525.61"
2007-04-13,"1,520.78"
2007-04-16,"1,532.04"
2007-04-17,"1,528.66"
2007-04-18,"1,534.58"
2007-04-19,"1,513.66"
2007-04-20,"1,533.08"
2007-04-23,"1,544.35"
2007-04-24,"1,556.71"
2007-04-25,"1,545.55"
2007-04-26,"1,553.13"
2007-04-27,"1,542.52"
2007-04-30,"1,542.24"
2007-05-02,"1,553.30"
2007-05-03,"1,559.86"
2007-05-04,"1,567.74"
2007-05-07,"1,584.46"
2007-05-08,"1,582.65"
2007-05-09,"1,593.42"
2007-05-10,"1,599.68"
2007-05-11,"1,603.56"
2007-05-14,"1,605.77"
2007-05-15,"1,589.37"
2007-05-16,"1,600.60"
2007-05-17,"1,615.58"
2007-05-18,"1,612.25"
2007-05-21,"1,628.20"
2007-05-22,"1,642.88"
2007-05-23,"1,646.59"
2007-05-25,"1,644.56"
2007-05-28,"1,657.91"
2007-05-29,"1,661.80"
2007-05-30,"1,662.72"
2007-05-31,"1,700.91"
2007-06-01,"1,716.24"
2007-06-04,"1,737.59"
2007-06-05,"1,742.19"
2007-06-07,"1,753.04"
2007-06-08,"1,727.28"
2007-06-11,"1,716.56"
2007-06-12,"1,729.88"
2007-06-13,"1,721.99"
2007-06-14,"1,769.18"
2007-06-15,"1,772.26"
2007-06-18,"1,806.88"
2007-06-19,"1,807.85"
2007-06-20,"1,783.79"
2007-06-21,"1,794.24"
2007-06-22,"1,770.98"
2007-06-25,"1,757.73"
2007-06-26,"1,749.55"
2007-06-27,"1,733.10"
2007-06-28,"1,751.75"
2007-06-29,"1,743.60"
2007-07-02,"1,771.35"
2007-07-03,"1,805.50"
2007-07-04,"1,838.41"
2007-07-05,"1,847.79"
2007-07-06,"1,861.01"
2007-07-09,"1,883.59"
2007-07-10,"1,894.53"
2007-07-11,"1,889.96"
2007-07-12,"1,909.75"
2007-07-13,"1,962.93"
2007-07-16,"1,949.51"
2007-07-18,"1,930.70"
2007-07-19,"1,937.90"
2007-07-20,"1,983.54"
2007-07-23,"1,993.05"
2007-07-24,"1,992.26"
2007-07-25,"2,004.22"
2007-07-26,"1,963.54"
2007-07-27,"1,883.22"
2007-07-30,"1,906.71"
2007-07-31,"1,933.27"
2007-08-01,"1,856.45"
2007-08-02,"1,853.07"
2007-08-03,"1,876.80"
2007-08-06,"1,855.05"
2007-08-07,"1,859.82"
2007-08-08,"1,903.41"
2007-08-09,"1,908.68"
2007-08-10,"1,828.49"
2007-08-13,"1,849.26"
2007-08-14,"1,817.89"
2007-08-16,"1,691.98"
2007-08-17,"1,638.07"
2007-08-20,"1,731.27"
2007-08-21,"1,736.18"
2007-08-22,"1,759.50"
2007-08-23,"1,799.72"
2007-08-24,"1,791.33"
2007-08-27,"1,803.03"
2007-08-28,"1,829.31"
2007-08-29,"1,826.19"
2007-08-30,"1,841.70"
2007-08-31,"1,873.24"
2007-09-03,"1,881.81"
2007-09-04,"1,874.74"
2007-09-05,"1,865.59"
2007-09-06,"1,888.81"
2007-09-07,"1,884.90"
2007-09-10,"1,835.87"
2007-09-11,"1,847.36"
2007-09-12,"1,813.52"
2007-09-13,"1,848.02"
2007-09-14,"1,870.02"
2007-09-17,"1,871.68"
2007-09-18,"1,838.61"
2007-09-19,"1,902.65"
2007-09-20,"1,908.97"
2007-09-21,"1,919.26"
2007-09-27,"1,945.28"
2007-09-28,"1,946.48"
2007-10-01,"1,962.67"
2007-10-02,"2,014.09"
2007-10-04,"2,003.60"
2007-10-05,"1,996.03"
2007-10-08,"2,012.82"
2007-10-09,"2,014.13"
2007-10-10,"2,041.12"
2007-10-11,"2,058.85"
2007-10-12,"2,026.44"
2007-10-15,"2,035.39"
2007-10-16,"2,005.76"
2007-10-17,"1,983.94"
2007-10-18,"2,005.09"
2007-10-19,"1,970.10"
2007-10-22,"1,903.81"
2007-10-23,"1,947.98"
2007-10-24,"1,933.36"
2007-10-25,"1,976.75"
2007-10-26,"2,028.06"
2007-10-29,"2,062.92"
2007-10-30,"2,052.37"
2007-10-31,"2,064.85"
2007-11-01,"2,063.14"
2007-11-02,"2,019.34"
2007-11-05,"2,015.76"
2007-11-06,"2,054.24"
2007-11-07,"2,043.19"
2007-11-08,"1,979.56"
2007-11-09,"1,990.47"
2007-11-12,"1,923.42"
2007-11-13,"1,932.89"
2007-11-14,"1,972.58"
2007-11-15,"1,947.74"
2007-11-16,"1,926.20"
2007-11-19,"1,893.47"
2007-11-20,"1,872.24"
2007-11-21,"1,806.99"
2007-11-22,"1,799.02"
2007-11-23,"1,772.88"
2007-11-26,"1,855.33"
2007-11-27,"1,859.79"
2007-11-28,"1,834.69"
2007-11-29,"1,877.56"
2007-11-30,"1,906.00"
2007-12-03,"1,902.43"
2007-12-04,"1,917.83"
2007-12-05,"1,938.20"
2007-12-06,"1,953.17"
2007-12-07,"1,934.32"
2007-12-10,"1,906.42"
2007-12-11,"1,925.07"
2007-12-12,"1,927.45"
2007-12-13,"1,915.90"
2007-12-14,"1,895.05"
2007-12-17,"1,839.82"
2007-12-18,"1,861.47"
2007-12-20,"1,844.37"
2007-12-21,"1,878.32"
2007-12-24,"1,919.47"
2007-12-26,"1,906.72"
2007-12-27,"1,908.62"
2007-12-28,"1,897.13"
2008-01-02,"1,853.45"
2008-01-03,"1,852.73"
2008-01-04,"1,863.90"
2008-01-07,"1,831.14"
2008-01-08,"1,826.23"
2008-01-09,"1,844.47"
2008-01-10,"1,824.78"
2008-01-11,"1,782.27"
2008-01-14,"1,765.88"
2008-01-15,"1,746.95"
2008-01-16,"1,704.97"
2008-01-17,"1,723.55"
2008-01-18,"1,734.72"
2008-01-21,"1,683.56"
2008-01-22,"1,609.02"
2008-01-23,"1,628.42"
2008-01-24,"1,663.00"
2008-01-25,"1,692.41"
2008-01-28,"1,627.19"
2008-01-29,"1,637.91"
2008-01-30,"1,589.06"
2008-01-31,"1,624.68"
2008-02-01,"1,634.53"
2008-02-04,"1,690.13"
2008-02-05,"1,696.57"
2008-02-11,"1,640.67"
2008-02-12,"1,643.29"
2008-02-13,"1,631.78"
2008-02-14,"1,697.45"
2008-02-15,"1,694.77"
2008-02-18,"1,696.24"
2008-02-19,"1,720.52"
2008-02-20,"1,687.91"
2008-02-21,"1,704.36"
2008-02-22,"1,686.45"
2008-02-25,"1,709.13"
2008-02-26,"1,709.13"
2008-02-27,"1,720.89"
2008-02-28,"1,736.17"
2008-02-29,"1,711.62"
2008-03-03,"1,671.73"
2008-03-04,"1,676.18"
2008-03-05,"1,677.10"
2008-03-06,"1,697.44"
2008-03-07,"1,663.97"
2008-03-10,"1,625.17"
2008-03-11,"1,641.48"
2008-03-12,"1,658.83"
2008-03-13,"1,615.62"
2008-03-14,"1,600.26"
2008-03-17,"1,574.44"
2008-03-18,"1,588.75"
2008-03-19,"1,622.23"
2008-03-20,"1,623.39"
2008-03-21,"1,645.69"
2008-03-24,"1,655.30"
2008-03-25,"1,674.93"
2008-03-26,"1,679.67"
2008-03-27,"1,676.24"
2008-03-28,"1,701.83"
2008-03-31,"1,703.99"
2008-04-01,"1,702.25"
2008-04-02,"1,742.19"
2008-04-03,"1,763.63"
2008-04-04,"1,766.49"
2008-04-07,"1,773.56"
2008-04-08,"1,754.71"
2008-04-10,"1,764.64"
2008-04-11,"1,779.71"
2008-04-14,"1,746.71"
2008-04-15,"1,742.17"
2008-04-16,"1,758.56"
2008-04-17,"1,768.67"
2008-04-18,"1,771.90"
2008-04-21,"1,800.48"
2008-04-22,"1,787.49"
2008-04-23,"1,800.79"
2008-04-24,"1,799.34"
2008-04-25,"1,824.68"
2008-04-28,"1,823.17"
2008-04-29,"1,811.51"
2008-04-30,"1,825.47"
2008-05-02,"1,848.27"
2008-05-06,"1,859.06"
2008-05-07,"1,854.01"
2008-05-08,"1,848.00"
2008-05-09,"1,823.70"
2008-05-13,"1,842.80"
2008-05-14,"1,843.75"
2008-05-15,"1,885.71"
2008-05-16,"1,888.88"
2008-05-19,"1,885.37"
2008-05-20,"1,873.15"
2008-05-21,"1,847.51"
2008-05-22,"1,835.42"
2008-05-23,"1,827.94"
2008-05-26,"1,800.58"
2008-05-27,"1,825.23"
2008-05-28,"1,805.64"
2008-05-29,"1,841.22"
2008-05-30,"1,852.02"
2008-06-02,"1,847.53"
2008-06-03,"1,819.39"
2008-06-04,"1,833.81"
2008-06-05,"1,832.31"
2008-06-09,"1,808.96"
2008-06-10,"1,774.38"
2008-06-11,"1,781.67"
2008-06-12,"1,739.36"
2008-06-13,"1,747.35"
2008-06-16,"1,760.82"
2008-06-17,"1,750.71"
2008-06-18,"1,774.13"
2008-06-19,"1,740.72"
2008-06-20,"1,731.00"
2008-06-23,"1,715.59"
2008-06-24,"1,710.84"
2008-06-25,"1,717.79"
2008-06-26,"1,717.66"
2008-06-27,"1,684.45"
2008-06-30,"1,674.92"
2008-07-01,"1,666.46"
2008-07-02,"1,623.60"
2008-07-03,"1,606.54"
2008-07-04,"1,577.94"
2008-07-07,"1,579.72"
2008-07-08,"1,533.47"
2008-07-09,"1,519.38"
2008-07-10,"1,537.43"
2008-07-11,"1,567.51"
2008-07-14,"1,558.62"
2008-07-15,"1,509.33"
2008-07-16,"1,507.40"
2008-07-17,"1,525.56"
2008-07-18,"1,509.99"
2008-07-21,"1,562.92"
2008-07-22,"1,561.23"
2008-07-23,"1,591.76"
2008-07-24,"1,626.14"
2008-07-25,"1,597.93"
2008-07-28,"1,598.29"
2008-07-29,"1,567.20"
2008-07-30,"1,577.70"
2008-07-31,"1,594.67"
2008-08-01,"1,573.77"
2008-08-04,"1,543.05"
2008-08-05,"1,535.54"
2008-08-06,"1,578.71"
2008-08-07,"1,564.00"
2008-08-08,"1,568.72"
2008-08-11,"1,581.09"
2008-08-12,"1,577.12"
2008-08-13,"1,562.72"
2008-08-14,"1,572.19"
2008-08-18,"1,567.71"
2008-08-19,"1,541.41"
2008-08-20,"1,540.71"
2008-08-21,"1,512.59"
2008-08-22,"1,496.91"
2008-08-25,"1,502.11"
2008-08-26,"1,490.25"
2008-08-27,"1,493.92"
2008-08-28,"1,474.15"
2008-08-29,"1,474.24"
2008-09-01,"1,414.43"
2008-09-02,"1,407.14"
2008-09-03,"1,426.89"
2008-09-04,"1,426.43"
2008-09-05,"1,404.38"
2008-09-08,"1,476.65"
2008-09-09,"1,454.50"
2008-09-10,"1,464.98"
2008-09-11,"1,443.24"
2008-09-12,"1,477.92"
2008-09-16,"1,387.75"
2008-09-17,"1,425.26"
2008-09-18,"1,392.42"
2008-09-19,"1,455.78"
2008-09-22,"1,460.34"
2008-09-23,"1,481.37"
2008-09-24,"1,495.98"
2008-09-25,"1,501.63"
2008-09-26,"1,476.33"
2008-09-29,"1,456.36"
2008-09-30,"1,448.06"
2008-10-01,"1,439.67"
2008-10-02,"1,419.65"
2008-10-06,"1,358.75"
2008-10-07,"1,366.10"
2008-10-08,"1,286.69"
2008-10-09,"1,294.89"
2008-10-10,"1,241.47"
2008-10-13,"1,288.53"
2008-10-14,"1,367.69"
2008-10-15,"1,340.28"
2008-10-16,"1,213.78"
2008-10-17,"1,180.67"
2008-10-20,"1,207.63"
2008-10-21,"1,196.10"
2008-10-22,"1,134.59"
2008-10-23,"1,049.71"
2008-10-24,938.75
2008-10-27,946.45
2008-10-28,999.16
2008-10-29,968.97
2008-10-30,"1,084.72"
2008-10-31,"1,113.06"
2008-11-03,"1,129.08"
2008-11-04,"1,153.35"
2008-11-05,"1,181.50"
2008-11-06,"1,092.22"
2008-11-07,"1,134.49"
2008-11-10,"1,152.46"
2008-11-11,"1,128.73"
2008-11-12,"1,123.86"
2008-11-13,"1,088.44"
2008-11-14,"1,088.26"
2008-11-17,"1,078.32"
2008-11-18,"1,036.16"
2008-11-19,"1,016.82"
2008-11-20,948.69
2008-11-21,"1,003.73"
2008-11-24,970.14
2008-11-25,983.32
2008-11-26,"1,029.78"
2008-11-27,"1,063.48"
2008-11-28,"1,076.07"
2008-12-01,"1,058.62"
2008-12-02,"1,023.20"
2008-12-03,"1,022.67"
2008-12-04,"1,006.54"
2008-12-05,"1,028.13"
2008-12-08,"1,105.05"
2008-12-09,"1,105.84"
2008-12-10,"1,145.87"
2008-12-11,"1,154.43"
2008-12-12,"1,103.82"
2008-12-15,"1,158.19"
2008-12-16,"1,161.56"
2008-12-17,"1,169.75"
2008-12-18,"1,175.91"
2008-12-19,"1,180.97"
2008-12-22,"1,179.61"
2008-12-23,"1,144.31"
2008-12-24,"1,128.51"
2008-12-26,"1,117.86"
2008-12-29,"1,117.59"
2008-12-30,"1,124.47"
2009-01-02,"1,157.40"
2009-01-05,"1,173.57"
2009-01-06,"1,194.28"
2009-01-07,"1,228.17"
2009-01-08,"1,205.70"
2009-01-09,"1,180.96"
2009-01-12,"1,156.75"
2009-01-13,"1,167.71"
2009-01-14,"1,182.68"
2009-01-15,"1,111.34"
2009-01-16,"1,135.20"
2009-01-19,"1,150.65"
2009-01-20,"1,126.81"
2009-01-21,"1,103.61"
2009-01-22,"1,116.23"
2009-01-23,"1,093.40"
2009-01-28,"1,157.98"
2009-01-29,"1,166.56"
2009-01-30,"1,162.11"
2009-02-02,"1,146.95"
2009-02-03,"1,163.20"
2009-02-04,"1,195.37"
2009-02-05,"1,177.88"
2009-02-06,"1,210.26"
2009-02-09,"1,202.69"
2009-02-10,"1,198.87"
2009-02-11,"1,190.18"
2009-02-12,"1,179.84"
2009-02-13,"1,192.44"
2009-02-16,"1,175.47"
2009-02-17,"1,127.19"
2009-02-18,"1,113.19"
2009-02-19,"1,107.10"
2009-02-20,"1,065.95"
2009-02-23,"1,099.55"
2009-02-24,"1,063.88"
2009-02-25,"1,067.08"
2009-02-26,"1,054.79"
2009-02-27,"1,063.03"
2009-03-02,"1,018.81"
2009-03-03,"1,025.57"
2009-03-04,"1,059.26"
2009-03-05,"1,058.18"
2009-03-06,"1,055.03"
2009-03-09,"1,071.73"
2009-03-10,"1,092.20"
2009-03-11,"1,127.51"
2009-03-12,"1,128.39"
2009-03-13,"1,126.03"
2009-03-16,"1,125.46"
2009-03-17,"1,163.88"
2009-03-18,"1,169.95"
2009-03-19,"1,161.81"
2009-03-20,"1,170.94"
2009-03-23,"1,199.50"
2009-03-24,"1,221.70"
2009-03-25,"1,229.02"
2009-03-26,"1,243.80"
2009-03-27,"1,237.51"
2009-03-30,"1,197.46"
2009-03-31,"1,206.26"
2009-04-01,"1,233.36"
2009-04-02,"1,276.97"
2009-04-03,"1,283.75"
2009-04-06,"1,297.85"
2009-04-07,"1,300.10"
2009-04-08,"1,262.07"
2009-04-09,"1,316.35"
2009-04-10,"1,336.04"
2009-04-13,"1,338.26"
2009-04-14,"1,342.63"
2009-04-15,"1,333.09"
2009-04-16,"1,336.72"
2009-04-17,"1,329.00"
2009-04-20,"1,336.39"
2009-04-21,"1,336.81"
2009-04-22,"1,356.02"
2009-04-23,"1,368.80"
2009-04-24,"1,354.10"
2009-04-27,"1,339.83"
2009-04-28,"1,300.24"
2009-04-29,"1,338.42"
2009-04-30,"1,369.36"
2009-05-04,"1,397.92"
2009-05-06,"1,393.45"
2009-05-07,"1,401.08"
2009-05-08,"1,412.13"
2009-05-11,"1,415.16"
2009-05-12,"1,403.51"
2009-05-13,"1,414.52"
2009-05-14,"1,380.95"
2009-05-15,"1,391.73"
2009-05-18,"1,386.68"
2009-05-19,"1,428.21"
2009-05-20,"1,435.70"
2009-05-21,"1,421.65"
2009-05-22,"1,403.75"
2009-05-25,"1,400.90"
2009-05-26,"1,372.04"
2009-05-27,"1,362.02"
2009-05-28,"1,392.17"
2009-05-29,"1,395.89"
2009-06-01,"1,415.10"
2009-06-02,"1,412.85"
2009-06-03,"1,414.89"
2009-06-04,"1,378.14"
2009-06-05,"1,394.71"
2009-06-08,"1,393.30"
2009-06-09,"1,371.84"
2009-06-10,"1,414.88"
2009-06-11,"1,419.39"
2009-06-12,"1,428.59"
2009-06-15,"1,412.42"
2009-06-16,"1,399.15"
2009-06-17,"1,391.17"
2009-06-18,"1,375.76"
2009-06-19,"1,383.34"
2009-06-22,"1,399.71"
2009-06-23,"1,360.54"
2009-06-24,"1,363.79"
2009-06-25,"1,392.73"
2009-06-26,"1,394.53"
2009-06-29,"1,388.45"
2009-06-30,"1,390.07"
2009-07-01,"1,411.66"
2009-07-02,"1,411.48"
2009-07-03,"1,420.04"
2009-07-06,"1,428.94"
2009-07-07,"1,434.20"
2009-07-08,"1,431.02"
2009-07-09,"1,430.89"
2009-07-10,"1,428.62"
2009-07-13,"1,378.12"
2009-07-14,"1,385.56"
2009-07-15,"1,420.86"
2009-07-16,"1,432.22"
2009-07-17,"1,440.10"
2009-07-20,"1,478.51"
2009-07-21,"1,488.99"
2009-07-22,"1,494.04"
2009-07-23,"1,496.49"
2009-07-24,"1,502.59"
2009-07-27,"1,524.05"
2009-07-28,"1,526.03"
2009-07-29,"1,524.32"
2009-07-30,"1,534.74"
2009-07-31,"1,557.29"
2009-08-03,"1,564.98"
2009-08-04,"1,566.37"
2009-08-05,"1,559.47"
2009-08-06,"1,565.04"
2009-08-07,"1,576.00"
2009-08-10,"1,576.11"
2009-08-11,"1,579.21"
2009-08-12,"1,565.35"
2009-08-13,"1,564.64"
2009-08-14,"1,591.41"
2009-08-17,"1,547.06"
2009-08-18,"1,550.24"
2009-08-19,"1,545.96"
2009-08-20,"1,576.39"
2009-08-21,"1,580.98"
2009-08-24,"1,612.22"
2009-08-25,"1,601.38"
2009-08-26,"1,614.12"
2009-08-27,"1,599.33"
2009-08-28,"1,607.94"
2009-08-31,"1,591.85"
2009-09-01,"1,623.06"
2009-09-02,"1,613.16"
2009-09-03,"1,613.53"
2009-09-04,"1,608.90"
2009-09-07,"1,608.57"
2009-09-08,"1,619.69"
2009-09-09,"1,607.77"
2009-09-10,"1,644.68"
2009-09-11,"1,651.70"
2009-09-14,"1,634.91"
2009-09-15,"1,653.40"
2009-09-16,"1,683.33"
2009-09-17,"1,695.47"
2009-09-18,"1,699.71"
2009-09-21,"1,695.50"
2009-09-22,"1,718.88"
2009-09-23,"1,711.47"
2009-09-24,"1,693.88"
2009-09-25,"1,691.48"
2009-09-28,"1,675.55"
2009-09-29,"1,690.05"
2009-09-30,"1,673.14"
2009-10-01,"1,644.63"
2009-10-05,"1,606.90"
2009-10-06,"1,598.44"
2009-10-07,"1,598.00"
2009-10-08,"1,615.46"
2009-10-09,"1,646.79"
2009-10-12,"1,639.81"
2009-10-13,"1,628.93"
2009-10-14,"1,649.09"
2009-10-15,"1,658.99"
2009-10-16,"1,640.36"
2009-10-19,"1,649.07"
2009-10-20,"1,659.15"
2009-10-21,"1,653.86"
2009-10-22,"1,630.33"
2009-10-23,"1,640.17"
2009-10-26,"1,657.11"
2009-10-27,"1,649.53"
2009-10-28,"1,609.71"
2009-10-29,"1,585.85"
2009-10-30,"1,580.69"
2009-11-02,"1,559.09"
2009-11-03,"1,549.92"
2009-11-04,"1,579.93"
2009-11-05,"1,552.24"
2009-11-06,"1,572.46"
2009-11-09,"1,576.79"
2009-11-10,"1,582.30"
2009-11-11,"1,594.82"
2009-11-12,"1,572.73"
2009-11-13,"1,571.99"
2009-11-16,"1,592.47"
2009-11-17,"1,585.98"
2009-11-18,"1,603.97"
2009-11-19,"1,620.54"
2009-11-20,"1,620.60"
2009-11-23,"1,619.05"
2009-11-24,"1,606.42"
2009-11-25,"1,611.88"
2009-11-26,"1,599.52"
2009-11-27,"1,524.50"
2009-11-30,"1,555.60"
2009-12-01,"1,569.72"
2009-12-02,"1,591.63"
2009-12-03,"1,615.00"
2009-12-04,"1,624.76"
2009-12-07,"1,632.65"
2009-12-08,"1,627.78"
2009-12-09,"1,634.17"
2009-12-10,"1,652.73"
2009-12-11,"1,656.90"
2009-12-14,"1,664.77"
2009-12-15,"1,665.85"
2009-12-16,"1,664.24"
2009-12-17,"1,647.84"
2009-12-18,"1,647.04"
2009-12-21,"1,644.23"
2009-12-22,"1,655.54"
2009-12-23,"1,661.35"
2009-12-24,"1,682.34"
2009-12-28,"1,685.59"
2009-12-29,"1,672.48"
2009-12-30,"1,682.77"
2010-01-04,"1,696.14"
2010-01-05,"1,690.62"
2010-01-06,"1,705.32"
2010-01-07,"1,683.45"
2010-01-08,"1,695.26"
2010-01-11,"1,694.12"
2010-01-12,"1,698.64"
2010-01-13,"1,671.41"
2010-01-14,"1,685.77"
2010-01-15,"1,701.80"
2010-01-18,"1,711.78"
2010-01-19,"1,710.22"
2010-01-20,"1,714.38"
2010-01-21,"1,722.01"
2010-01-22,"1,684.35"
2010-01-25,"1,670.20"
2010-01-26,"1,637.34"
2010-01-27,"1,625.48"
2010-01-28,"1,642.43"
2010-01-29,"1,602.43"
2010-02-01,"1,606.44"
2010-02-02,"1,595.81"
2010-02-03,"1,615.02"
2010-02-04,"1,616.42"
2010-02-05,"1,567.12"
2010-02-08,"1,552.79"
2010-02-09,"1,570.49"
2010-02-10,"1,570.12"
2010-02-11,"1,597.81"
2010-02-12,"1,593.66"
2010-02-16,"1,601.05"
2010-02-17,"1,627.43"
2010-02-18,"1,621.19"
2010-02-19,"1,593.90"
2010-02-22,"1,627.10"
2010-02-23,"1,628.90"
2010-02-24,"1,612.83"
2010-02-25,"1,587.51"
2010-02-26,"1,594.58"
2010-03-02,"1,615.12"
2010-03-03,"1,622.44"
2010-03-04,"1,618.20"
2010-03-05,"1,634.57"
2010-03-08,"1,660.04"
2010-03-09,"1,660.83"
2010-03-10,"1,662.24"
2010-03-11,"1,656.62"
2010-03-12,"1,662.74"
2010-03-15,"1,649.50"
2010-03-16,"1,648.01"
2010-03-17,"1,682.86"
2010-03-18,"1,675.17"
2010-03-19,"1,686.11"
2010-03-22,"1,672.67"
2010-03-23,"1,681.82"
2010-03-24,"1,681.01"
2010-03-25,"1,688.39"
2010-03-26,"1,697.72"
2010-03-29,"1,691.99"
2010-03-30,"1,700.19"
2010-03-31,"1,692.85"
2010-04-01,"1,719.17"
2010-04-02,"1,723.49"
2010-04-05,"1,724.99"
2010-04-06,"1,726.09"
2010-04-07,"1,726.60"
2010-04-08,"1,733.78"
2010-04-09,"1,724.47"
2010-04-12,"1,710.30"
2010-04-13,"1,710.59"
2010-04-14,"1,735.33"
2010-04-15,"1,743.91"
2010-04-16,"1,734.49"
2010-04-19,"1,705.30"
2010-04-20,"1,718.03"
2010-04-21,"1,747.58"
2010-04-22,"1,739.52"
2010-04-23,"1,737.03"
2010-04-26,"1,752.20"
2010-04-27,"1,749.55"
2010-04-28,"1,733.91"
2010-04-29,"1,728.42"
2010-04-30,"1,741.56"
2010-05-03,"1,721.21"
2010-05-04,"1,718.75"
2010-05-06,"1,684.71"
2010-05-07,"1,647.50"
2010-05-10,"1,677.63"
2010-05-11,"1,670.24"
2010-05-12,"1,663.03"
2010-05-13,"1,694.58"
2010-05-14,"1,695.63"
2010-05-17,"1,651.51"
2010-05-18,"1,643.24"
2010-05-19,"1,630.08"
2010-05-20,"1,600.18"
2010-05-24,"1,604.93"
2010-05-25,"1,560.83"
2010-05-26,"1,582.12"
2010-05-27,"1,607.50"
2010-05-28,"1,622.78"
2010-05-31,"1,641.25"
2010-06-01,"1,630.40"
2010-06-03,"1,661.84"
2010-06-04,"1,664.13"
2010-06-07,"1,637.97"
2010-06-08,"1,651.48"
2010-06-09,"1,647.22"
2010-06-10,"1,651.70"
2010-06-11,"1,675.34"
2010-06-14,"1,690.60"
2010-06-15,"1,690.03"
2010-06-16,"1,705.33"
2010-06-17,"1,707.92"
2010-06-18,"1,711.95"
2010-06-21,"1,739.68"
2010-06-22,"1,731.48"
2010-06-23,"1,725.82"
2010-06-24,"1,739.87"
2010-06-25,"1,729.84"
2010-06-28,"1,732.03"
2010-06-29,"1,707.76"
2010-06-30,"1,698.29"
2010-07-01,"1,686.24"
2010-07-02,"1,671.82"
2010-07-05,"1,675.37"
2010-07-06,"1,684.94"
2010-07-07,"1,675.65"
2010-07-08,"1,698.64"
2010-07-09,"1,723.01"
2010-07-12,"1,734.05"
2010-07-13,"1,735.08"
2010-07-14,"1,758.01"
2010-07-15,"1,751.29"
2010-07-16,"1,738.45"
2010-07-19,"1,731.95"
2010-07-20,"1,736.77"
2010-07-21,"1,748.78"
2010-07-22,"1,735.53"
2010-07-23,"1,758.06"
2010-07-26,"1,769.07"
2010-07-27,"1,768.31"
2010-07-28,"1,773.47"
2010-07-29,"1,770.88"
2010-07-30,"1,759.33"
2010-08-02,"1,782.27"
2010-08-03,"1,790.60"
2010-08-04,"1,789.26"
2010-08-05,"1,783.86"
2010-08-06,"1,783.83"
2010-08-09,"1,790.17"
2010-08-10,"1,781.13"
2010-08-11,"1,758.19"
2010-08-12,"1,721.75"
2010-08-13,"1,746.24"
2010-08-16,"1,743.31"
2010-08-17,"1,755.03"
2010-08-18,"1,761.99"
2010-08-19,"1,779.64"
2010-08-20,"1,775.54"
2010-08-23,"1,767.71"
2010-08-24,"1,760.53"
2010-08-25,"1,734.79"
2010-08-26,"1,729.76"
2010-08-27,"1,729.56"
2010-08-30,"1,760.13"
2010-08-31,"1,742.75"
2010-09-01,"1,764.69"
2010-09-02,"1,775.73"
2010-09-03,"1,780.02"
2010-09-06,"1,792.42"
2010-09-07,"1,787.74"
2010-09-08,"1,779.22"
2010-09-09,"1,784.36"
2010-09-10,"1,802.58"
2010-09-13,"1,818.86"
2010-09-14,"1,815.25"
2010-09-15,"1,823.88"
2010-09-16,"1,811.85"
2010-09-17,"1,827.35"
2010-09-20,"1,832.63"
2010-09-24,"1,846.60"
2010-09-27,"1,860.83"
2010-09-28,"1,855.97"
2010-09-29,"1,866.45"
2010-09-30,"1,872.81"
2010-10-01,"1,876.73"
2010-10-04,"1,879.29"
2010-10-05,"1,878.94"
2010-10-06,"1,903.95"
2010-10-07,"1,900.85"
2010-10-08,"1,897.07"
2010-10-11,"1,889.91"
2010-10-12,"1,868.04"
2010-10-13,"1,876.15"
2010-10-14,"1,899.76"
2010-10-15,"1,902.29"
2010-10-18,"1,875.42"
2010-10-19,"1,857.32"
2010-10-20,"1,870.44"
2010-10-21,"1,874.69"
2010-10-22,"1,897.31"
2010-10-25,"1,915.71"
2010-10-26,"1,919.41"
2010-10-27,"1,909.54"
2010-10-28,"1,907.87"
2010-10-29,"1,882.95"
2010-11-01,"1,914.74"
2010-11-02,"1,918.04"
2010-11-03,"1,935.97"
2010-11-04,"1,942.50"
2010-11-05,"1,938.96"
2010-11-08,"1,942.41"
2010-11-09,"1,947.46"
2010-11-10,"1,967.85"
2010-11-11,"1,914.73"
2010-11-12,"1,913.12"
2010-11-15,"1,913.81"
2010-11-16,"1,899.13"
2010-11-17,"1,897.11"
2010-11-18,"1,927.86"
2010-11-19,"1,940.96"
2010-11-22,"1,944.34"
2010-11-23,"1,928.94"
2010-11-24,"1,925.98"
2010-11-25,"1,927.68"
2010-11-26,"1,901.80"
2010-11-29,"1,895.54"
2010-11-30,"1,904.63"
2010-12-01,"1,929.32"
2010-12-02,"1,950.26"
2010-12-03,"1,957.26"
2010-12-06,"1,953.64"
2010-12-07,"1,962.52"
2010-12-08,"1,955.72"
2010-12-09,"1,988.96"
2010-12-10,"1,986.14"
2010-12-13,"1,996.59"
2010-12-14,"2,009.05"
2010-12-15,"2,017.48"
2010-12-16,"2,009.24"
2010-12-17,"2,026.30"
2010-12-20,"2,020.28"
2010-12-21,"2,037.09"
2010-12-22,"2,038.11"
2010-12-23,"2,037.53"
2010-12-24,"2,029.60"
2010-12-27,"2,022.19"
2010-12-28,"2,033.32"
2010-12-29,"2,043.49"
2010-12-30,"2,051.00"
2011-01-03,"2,070.08"
2011-01-04,"2,085.14"
2011-01-05,"2,082.55"
2011-01-06,"2,077.61"
2011-01-07,"2,086.20"
2011-01-10,"2,080.81"
2011-01-11,"2,088.32"
2011-01-12,"2,094.95"
2011-01-13,"2,089.48"
2011-01-14,"2,108.17"
2011-01-17,"2,099.85"
2011-01-18,"2,096.48"
2011-01-19,"2,115.69"
2011-01-20,"2,106.66"
2011-01-21,"2,069.92"
2011-01-24,"2,082.16"
2011-01-25,"2,086.67"
2011-01-26,"2,110.46"
2011-01-27,"2,115.01"
2011-01-28,"2,107.87"
2011-01-31,"2,069.73"
2011-02-01,"2,072.03"
2011-02-07,"2,081.74"
2011-02-08,"2,069.70"
2011-02-09,"2,045.58"
2011-02-10,"2,008.50"
2011-02-11,"1,977.19"
2011-02-14,"2,014.59"
2011-02-15,"2,010.52"
2011-02-16,"1,989.11"
2011-02-17,"1,977.22"
2011-02-18,"2,013.14"
2011-02-21,"2,005.30"
2011-02-22,"1,969.92"
2011-02-23,"1,961.63"
2011-02-24,"1,949.88"
2011-02-25,"1,963.43"
2011-02-28,"1,939.30"
2011-03-02,"1,928.24"
2011-03-03,"1,970.66"
2011-03-04,"2,004.68"
2011-03-07,"1,980.27"
2011-03-08,"1,996.32"
2011-03-09,"2,001.47"
2011-03-10,"1,981.58"
2011-03-11,"1,955.54"
2011-03-14,"1,971.23"
2011-03-15,"1,923.92"
2011-03-16,"1,957.97"
2011-03-17,"1,959.03"
2011-03-18,"1,981.13"
2011-03-21,"2,003.42"
2011-03-22,"2,013.66"
2011-03-23,"2,012.18"
2011-03-24,"2,036.78"
2011-03-25,"2,054.04"
2011-03-28,"2,056.39"
2011-03-29,"2,072.13"
2011-03-30,"2,091.38"
2011-03-31,"2,106.70"
2011-04-01,"2,121.01"
2011-04-04,"2,115.87"
2011-04-05,"2,130.43"
2011-04-06,"2,126.71"
2011-04-07,"2,122.14"
2011-04-08,"2,127.97"
2011-04-11,"2,122.39"
2011-04-12,"2,089.40"
2011-04-13,"2,121.92"
2011-04-14,"2,141.06"
2011-04-15,"2,140.50"
2011-04-18,"2,137.72"
2011-04-19,"2,122.68"
2011-04-20,"2,169.91"
2011-04-21,"2,198.54"
2011-04-22,"2,197.82"
2011-04-25,"2,216.00"
2011-04-26,"2,206.30"
2011-04-27,"2,206.70"
2011-04-28,"2,208.35"
2011-04-29,"2,192.36"
2011-05-02,"2,228.96"
2011-05-03,"2,200.73"
2011-05-04,"2,180.64"
2011-05-06,"2,147.45"
2011-05-09,"2,139.17"
2011-05-11,"2,166.63"
2011-05-12,"2,122.65"
2011-05-13,"2,120.08"
2011-05-16,"2,104.18"
2011-05-17,"2,102.41"
2011-05-18,"2,135.78"
2011-05-19,"2,095.51"
2011-05-20,"2,111.50"
2011-05-23,"2,055.71"
2011-05-24,"2,061.76"
2011-05-25,"2,035.87"
2011-05-26,"2,091.91"
2011-05-27,"2,100.24"
2011-05-30,"2,093.79"
2011-05-31,"2,142.47"
2011-06-01,"2,141.34"
2011-06-02,"2,114.20"
2011-06-03,"2,113.47"
2011-06-07,"2,099.71"
2011-06-08,"2,083.35"
2011-06-09,"2,071.42"
2011-06-10,"2,046.67"
2011-06-13,"2,048.74"
2011-06-14,"2,076.83"
2011-06-15,"2,086.53"
2011-06-16,"2,046.63"
2011-06-17,"2,031.93"
2011-06-20,"2,019.65"
2011-06-21,"2,048.17"
2011-06-22,"2,063.90"
2011-06-23,"2,055.86"
2011-06-24,"2,090.81"
2011-06-27,"2,070.29"
2011-06-28,"2,062.91"
2011-06-29,"2,094.42"
2011-06-30,"2,100.69"
2011-07-01,"2,125.74"
2011-07-04,"2,145.30"
2011-07-05,"2,161.75"
2011-07-06,"2,171.19"
2011-07-07,"2,180.59"
2011-07-08,"2,180.35"
2011-07-11,"2,157.16"
2011-07-12,"2,109.73"
2011-07-13,"2,129.64"
2011-07-14,"2,130.07"
2011-07-15,"2,145.20"
2011-07-18,"2,130.48"
2011-07-19,"2,130.21"
2011-07-20,"2,154.95"
2011-07-21,"2,145.04"
2011-07-22,"2,171.23"
2011-07-25,"2,150.48"
2011-07-26,"2,168.70"
2011-07-27,"2,174.31"
2011-07-28,"2,155.85"
2011-07-29,"2,133.21"
2011-08-01,"2,172.31"
2011-08-02,"2,121.27"
2011-08-03,"2,066.26"
2011-08-04,"2,018.47"
2011-08-05,"1,943.75"
2011-08-08,"1,869.45"
2011-08-09,"1,801.35"
2011-08-10,"1,806.24"
2011-08-11,"1,817.44"
2011-08-12,"1,793.31"
2011-08-16,"1,879.87"
2011-08-17,"1,892.67"
2011-08-18,"1,860.58"
2011-08-19,"1,744.88"
2011-08-22,"1,710.70"
2011-08-23,"1,776.68"
2011-08-24,"1,754.78"
2011-08-25,"1,764.58"
2011-08-26,"1,778.95"
2011-08-29,"1,829.50"
2011-08-30,"1,843.82"
2011-08-31,"1,880.11"
2011-09-01,"1,880.70"
2011-09-02,"1,867.75"
2011-09-05,"1,785.83"
2011-09-06,"1,766.71"
2011-09-07,"1,833.46"
2011-09-08,"1,846.64"
2011-09-09,"1,812.93"
2011-09-14,"1,749.16"
2011-09-15,"1,774.08"
2011-09-16,"1,840.10"
2011-09-19,"1,820.94"
2011-09-20,"1,837.97"
2011-09-21,"1,854.28"
2011-09-22,"1,800.55"
2011-09-23,"1,697.44"
2011-09-26,"1,652.71"
2011-09-27,"1,735.71"
2011-09-28,"1,723.09"
2011-09-29,"1,769.29"
2011-09-30,"1,769.65"
2011-10-04,"1,706.19"
2011-10-05,"1,666.52"
2011-10-06,"1,710.32"
2011-10-07,"1,759.77"
2011-10-10,"1,766.44"
2011-10-11,"1,795.02"
2011-10-12,"1,809.50"
2011-10-13,"1,823.10"
2011-10-14,"1,835.40"
2011-10-17,"1,865.18"
2011-10-18,"1,838.90"
2011-10-19,"1,855.92"
2011-10-20,"1,805.09"
2011-10-21,"1,838.38"
2011-10-24,"1,898.32"
2011-10-25,"1,888.65"
2011-10-26,"1,894.31"
2011-10-27,"1,922.04"
2011-10-28,"1,929.48"
2011-10-31,"1,909.03"
2011-11-01,"1,909.63"
2011-11-02,"1,898.01"
2011-11-03,"1,869.96"
2011-11-04,"1,928.41"
2011-11-07,"1,919.10"
2011-11-08,"1,903.14"
2011-11-09,"1,907.53"
2011-11-10,"1,813.25"
2011-11-11,"1,863.45"
2011-11-14,"1,902.81"
2011-11-15,"1,886.12"
2011-11-16,"1,856.07"
2011-11-17,"1,876.67"
2011-11-18,"1,839.17"
2011-11-21,"1,820.03"
2011-11-22,"1,826.28"
2011-11-23,"1,783.10"
2011-11-24,"1,795.06"
2011-11-25,"1,776.40"
2011-11-28,"1,815.28"
2011-11-29,"1,856.52"
2011-11-30,"1,847.51"
2011-12-01,"1,916.18"
2011-12-02,"1,916.04"
2011-12-05,"1,922.90"
2011-12-06,"1,902.82"
2011-12-07,"1,919.42"
2011-12-08,"1,912.39"
2011-12-09,"1,874.75"
2011-12-12,"1,899.76"
2011-12-13,"1,864.06"
2011-12-14,"1,857.75"
2011-12-15,"1,819.11"
2011-12-16,"1,839.96"
2011-12-19,"1,776.93"
2011-12-20,"1,793.06"
2011-12-21,"1,848.41"
2011-12-22,"1,847.49"
2011-12-23,"1,867.22"
2011-12-26,"1,856.70"
2011-12-27,"1,842.02"
2011-12-28,"1,825.12"
2011-12-29,"1,825.74"
2012-01-02,"1,826.37"
2012-01-03,"1,875.41"
2012-01-04,"1,866.22"
2012-01-05,"1,863.74"
2012-01-06,"1,843.14"
2012-01-09,"1,826.49"
2012-01-10,"1,853.22"
2012-01-11,"1,845.55"
2012-01-12,"1,864.57"
2012-01-13,"1,875.68"
2012-01-16,"1,859.27"
2012-01-17,"1,892.74"
2012-01-18,"1,892.39"
2012-01-19,"1,914.97"
2012-01-20,"1,949.89"
2012-01-25,"1,952.23"
2012-01-26,"1,957.18"
2012-01-27,"1,964.83"
2012-01-30,"1,940.55"
2012-01-31,"1,955.79"
2012-02-01,"1,959.24"
2012-02-02,"1,984.30"
2012-02-03,"1,972.34"
2012-02-06,"1,973.13"
2012-02-07,"1,981.59"
2012-02-08,"2,003.73"
2012-02-09,"2,014.62"
2012-02-10,"1,993.71"
2012-02-13,"2,005.74"
2012-02-14,"2,002.64"
2012-02-15,"2,025.32"
2012-02-16,"1,997.45"
2012-02-17,"2,023.47"
2012-02-20,"2,024.90"
2012-02-21,"2,024.24"
2012-02-22,"2,028.65"
2012-02-23,"2,007.80"
2012-02-24,"2,019.89"
2012-02-27,"1,991.16"
2012-02-28,"2,003.69"
2012-02-29,"2,030.25"
2012-03-02,"2,034.63"
2012-03-05,"2,016.06"
2012-03-06,"2,000.36"
2012-03-07,"1,982.15"
2012-03-08,"2,000.76"
2012-03-09,"2,018.30"
2012-03-12,"2,002.50"
2012-03-13,"2,025.04"
2012-03-14,"2,045.08"
2012-03-15,"2,043.76"
2012-03-16,"2,034.44"
2012-03-19,"2,047.00"
2012-03-20,"2,042.15"
2012-03-21,"2,027.23"
2012-03-22,"2,026.12"
2012-03-23,"2,026.83"
2012-03-26,"2,019.19"
2012-03-27,"2,039.76"
2012-03-28,"2,031.74"
2012-03-29,"2,014.41"
2012-03-30,"2,014.04"
2012-04-02,"2,029.29"
2012-04-03,"2,049.28"
2012-04-04,"2,018.61"
2012-04-05,"2,028.77"
2012-04-06,"2,029.03"
2012-04-09,"1,997.08"
2012-04-10,"1,994.41"
2012-04-12,"1,986.63"
2012-04-13,"2,008.91"
2012-04-16,"1,992.63"
2012-04-17,"1,985.30"
2012-04-18,"2,004.53"
2012-04-19,"1,999.86"
2012-04-20,"1,974.65"
2012-04-23,"1,972.63"
2012-04-24,"1,963.42"
2012-04-25,"1,961.98"
2012-04-26,"1,964.04"
2012-04-27,"1,975.35"
2012-04-30,"1,981.99"
2012-05-02,"1,999.07"
2012-05-03,"1,995.11"
2012-05-04,"1,989.15"
2012-05-07,"1,956.44"
2012-05-08,"1,967.01"
2012-05-09,"1,950.29"
2012-05-10,"1,944.93"
2012-05-11,"1,917.13"
2012-05-14,"1,913.73"
2012-05-15,"1,898.96"
2012-05-16,"1,840.53"
2012-05-17,"1,845.24"
2012-05-18,"1,782.46"
2012-05-21,"1,799.13"
2012-05-22,"1,828.69"
2012-05-23,"1,808.62"
2012-05-24,"1,814.47"
2012-05-25,"1,824.17"
2012-05-29,"1,849.91"
2012-05-30,"1,844.86"
2012-05-31,"1,843.47"
2012-06-01,"1,834.51"
2012-06-04,"1,783.13"
2012-06-05,"1,801.85"
2012-06-07,"1,847.95"
2012-06-08,"1,835.64"
2012-06-11,"1,867.04"
2012-06-12,"1,854.74"
2012-06-13,"1,859.32"
2012-06-14,"1,871.48"
2012-06-15,"1,858.16"
2012-06-18,"1,891.71"
2012-06-19,"1,891.77"
2012-06-20,"1,904.12"
2012-06-21,"1,889.15"
2012-06-22,"1,847.39"
2012-06-25,"1,825.38"
2012-06-26,"1,817.81"
2012-06-27,"1,817.65"
2012-06-28,"1,819.18"
2012-06-29,"1,854.01"
2012-07-02,"1,851.65"
2012-07-03,"1,867.82"
2012-07-04,"1,874.45"
2012-07-05,"1,875.49"
2012-07-06,"1,858.20"
2012-07-09,"1,836.13"
2012-07-10,"1,829.45"
2012-07-11,"1,826.39"
2012-07-12,"1,785.39"
2012-07-13,"1,812.89"
2012-07-16,"1,817.79"
2012-07-17,"1,821.96"
2012-07-18,"1,794.91"
2012-07-19,"1,822.96"
2012-07-20,"1,822.93"
2012-07-23,"1,789.44"
2012-07-24,"1,793.93"
2012-07-25,"1,769.31"
2012-07-26,"1,782.47"
2012-07-27,"1,829.16"
2012-07-30,"1,843.79"
2012-07-31,"1,881.99"
2012-08-01,"1,879.93"
2012-08-02,"1,869.40"
2012-08-03,"1,848.68"
2012-08-06,"1,885.88"
2012-08-07,"1,886.80"
2012-08-08,"1,903.23"
2012-08-09,"1,940.59"
2012-08-10,"1,946.40"
2012-08-13,"1,932.44"
2012-08-14,"1,956.96"
2012-08-16,"1,957.91"
2012-08-17,"1,946.54"
2012-08-20,"1,946.31"
2012-08-21,"1,943.22"
2012-08-22,"1,935.19"
2012-08-23,"1,942.54"
2012-08-24,"1,919.81"
2012-08-27,"1,917.87"
2012-08-28,"1,916.33"
2012-08-29,"1,928.54"
2012-08-30,"1,906.38"
2012-08-31,"1,905.12"
2012-09-03,"1,912.71"
2012-09-04,"1,907.13"
2012-09-05,"1,874.03"
2012-09-06,"1,881.24"
2012-09-07,"1,929.58"
2012-09-10,"1,924.70"
2012-09-11,"1,920.00"
2012-09-12,"1,950.03"
2012-09-13,"1,950.69"
2012-09-14,"2,007.58"
2012-09-17,"2,002.35"
2012-09-18,"2,004.96"
2012-09-19,"2,007.88"
2012-09-20,"1,990.33"
2012-09-21,"2,002.37"
2012-09-24,"2,003.44"
2012-09-25,"1,991.41"
2012-09-26,"1,980.44"
2012-09-27,"1,988.70"
2012-09-28,"1,996.21"
2012-10-02,"1,996.03"
2012-10-04,"1,992.68"
2012-10-05,"1,995.17"
2012-10-08,"1,981.89"
2012-10-09,"1,979.04"
2012-10-10,"1,948.22"
2012-10-11,"1,933.09"
2012-10-12,"1,933.26"
2012-10-15,"1,925.59"
2012-10-16,"1,941.54"
2012-10-17,"1,955.15"
2012-10-18,"1,959.12"
2012-10-19,"1,943.84"
2012-10-22,"1,941.59"
2012-10-23,"1,926.81"
2012-10-24,"1,913.96"
2012-10-25,"1,924.50"
2012-10-26,"1,891.43"
2012-10-29,"1,891.52"
2012-10-30,"1,899.58"
2012-10-31,"1,912.06"
2012-11-01,"1,898.44"
2012-11-02,"1,918.72"
2012-11-05,"1,908.22"
2012-11-06,"1,928.17"
2012-11-07,"1,937.55"
2012-11-08,"1,914.41"
2012-11-09,"1,904.41"
2012-11-12,"1,900.87"
2012-11-13,"1,889.70"
2012-11-14,"1,894.04"
2012-11-15,"1,870.72"
2012-11-16,"1,860.83"
2012-11-19,"1,878.10"
2012-11-20,"1,890.18"
2012-11-21,"1,884.04"
2012-11-22,"1,899.50"
2012-11-23,"1,911.33"
2012-11-26,"1,908.51"
2012-11-27,"1,925.20"
2012-11-28,"1,912.78"
2012-11-29,"1,934.85"
2012-11-30,"1,932.90"
2012-12-03,"1,940.02"
2012-12-04,"1,935.18"
2012-12-05,"1,947.04"
2012-12-06,"1,949.62"
2012-12-07,"1,957.45"
2012-12-10,"1,957.42"
2012-12-11,"1,964.62"
2012-12-12,"1,975.44"
2012-12-13,"2,002.77"
2012-12-14,"1,995.04"
2012-12-17,"1,983.07"
2012-12-18,"1,993.09"
2012-12-20,"1,999.50"
2012-12-21,"1,980.42"
2012-12-24,"1,981.82"
2012-12-26,"1,982.25"
2012-12-27,"1,987.35"
2012-12-28,"1,997.05"
2013-01-02,"2,031.10"
2013-01-03,"2,019.41"
2013-01-04,"2,011.94"
2013-01-07,"2,011.25"
2013-01-08,"1,997.94"
2013-01-09,"1,991.81"
2013-01-10,"2,006.80"
2013-01-11,"1,996.67"
2013-01-14,"2,007.04"
2013-01-15,"1,983.74"
2013-01-16,"1,977.45"
2013-01-17,"1,974.27"
2013-01-18,"1,987.85"
2013-01-21,"1,986.86"
2013-01-22,"1,996.52"
2013-01-23,"1,980.41"
2013-01-24,"1,964.48"
2013-01-25,"1,946.69"
2013-01-28,"1,939.71"
2013-01-29,"1,955.96"
2013-01-30,"1,964.43"
2013-01-31,"1,961.94"
2013-02-01,"1,957.79"
2013-02-04,"1,953.21"
2013-02-05,"1,938.18"
2013-02-06,"1,936.19"
2013-02-07,"1,931.77"
2013-02-08,"1,950.90"
2013-02-12,"1,945.79"
2013-02-13,"1,976.07"
2013-02-14,"1,979.61"
2013-02-15,"1,981.18"
2013-02-18,"1,981.91"
2013-02-19,"1,985.83"
2013-02-20,"2,024.64"
2013-02-21,"2,015.22"
2013-02-22,"2,018.89"
2013-02-25,"2,009.52"
2013-02-26,"2,000.01"
2013-02-27,"2,004.04"
2013-02-28,"2,026.49"
2013-03-04,"2,013.15"
2013-03-05,"2,016.61"
2013-03-06,"2,020.74"
2013-03-07,"2,004.40"
2013-03-08,"2,006.01"
2013-03-11,"2,003.35"
2013-03-12,"1,993.34"
2013-03-13,"1,999.73"
2013-03-14,"2,002.13"
2013-03-15,"1,986.50"
2013-03-18,"1,968.18"
2013-03-19,"1,978.56"
2013-03-20,"1,959.41"
2013-03-21,"1,950.82"
2013-03-22,"1,948.71"
2013-03-25,"1,977.67"
2013-03-26,"1,983.70"
2013-03-27,"1,993.44"
2013-03-28,"1,993.52"
2013-03-29,"2,004.89"
2013-04-01,"1,995.99"
2013-04-02,"1,986.15"
2013-04-03,"1,983.22"
2013-04-04,"1,959.45"
2013-04-05,"1,927.23"
2013-04-08,"1,918.69"
2013-04-09,"1,920.74"
2013-04-10,"1,935.58"
2013-04-11,"1,949.80"
2013-04-12,"1,924.23"
2013-04-15,"1,920.45"
2013-04-16,"1,922.21"
2013-04-17,"1,923.84"
2013-04-18,"1,900.06"
2013-04-19,"1,906.75"
2013-04-22,"1,926.31"
2013-04-23,"1,918.63"
2013-04-24,"1,935.31"
2013-04-25,"1,951.60"
2013-04-26,"1,944.56"
2013-04-29,"1,940.70"
2013-04-30,"1,963.95"
2013-05-02,"1,957.21"
2013-05-03,"1,965.71"
2013-05-06,"1,961.48"
2013-05-07,"1,954.35"
2013-05-08,"1,956.45"
2013-05-09,"1,979.45"
2013-05-10,"1,944.75"
2013-05-13,"1,948.70"
2013-05-14,"1,968.83"
2013-05-15,"1,971.26"
2013-05-16,"1,986.81"
2013-05-20,"1,982.43"
2013-05-21,"1,981.09"
2013-05-22,"1,993.83"
2013-05-23,"1,969.19"
2013-05-24,"1,973.45"
2013-05-27,"1,979.97"
2013-05-28,"1,986.22"
2013-05-29,"2,001.20"
2013-05-30,"2,000.10"
2013-05-31,"2,001.05"
2013-06-03,"1,989.57"
2013-06-04,"1,989.51"
2013-06-05,"1,959.19"
2013-06-07,"1,923.85"
2013-06-10,"1,932.70"
2013-06-11,"1,920.68"
2013-06-12,"1,909.91"
2013-06-13,"1,882.73"
2013-06-14,"1,889.24"
2013-06-17,"1,883.10"
2013-06-18,"1,900.62"
2013-06-19,"1,888.31"
2013-06-20,"1,850.49"
2013-06-21,"1,822.83"
2013-06-24,"1,799.01"
2013-06-25,"1,780.63"
2013-06-26,"1,783.45"
2013-06-27,"1,834.70"
2013-06-28,"1,863.32"
2013-07-01,"1,855.73"
2013-07-02,"1,855.02"
2013-07-03,"1,824.66"
2013-07-04,"1,839.14"
2013-07-05,"1,833.31"
2013-07-08,"1,816.85"
2013-07-09,"1,830.35"
2013-07-10,"1,824.16"
2013-07-11,"1,877.60"
2013-07-12,"1,869.98"
2013-07-15,"1,875.16"
2013-07-16,"1,866.36"
2013-07-17,"1,887.49"
2013-07-18,"1,875.48"
2013-07-19,"1,871.41"
2013-07-22,"1,880.35"
2013-07-23,"1,904.15"
2013-07-24,"1,912.08"
2013-07-25,"1,909.61"
2013-07-26,"1,910.81"
2013-07-29,"1,899.89"
2013-07-30,"1,917.05"
2013-07-31,"1,914.03"
2013-08-01,"1,920.74"
2013-08-02,"1,923.38"
2013-08-05,"1,916.22"
2013-08-06,"1,906.62"
2013-08-07,"1,878.33"
2013-08-08,"1,883.97"
2013-08-09,"1,880.71"
2013-08-12,"1,884.83"
2013-08-13,"1,913.03"
2013-08-14,"1,923.91"
2013-08-16,"1,920.11"
2013-08-19,"1,917.64"
2013-08-20,"1,887.85"
2013-08-21,"1,867.46"
2013-08-22,"1,849.12"
2013-08-23,"1,870.16"
2013-08-26,"1,887.86"
2013-08-27,"1,885.84"
2013-08-28,"1,884.52"
2013-08-29,"1,907.54"
2013-08-30,"1,926.36"
2013-09-02,"1,924.81"
2013-09-03,"1,933.74"
2013-09-04,"1,933.03"
2013-09-05,"1,951.65"
2013-09-06,"1,955.31"
2013-09-09,"1,974.67"
2013-09-10,"1,994.06"
2013-09-11,"2,003.85"
2013-09-12,"2,004.06"
2013-09-13,"1,994.32"
2013-09-16,"2,013.37"
2013-09-17,"2,005.58"
2013-09-23,"2,009.41"
2013-09-24,"2,007.10"
2013-09-25,"1,998.06"
2013-09-26,"2,007.32"
2013-09-27,"2,011.80"
2013-09-30,"1,996.96"
2013-10-01,"1,998.87"
2013-10-02,"1,999.47"
2013-10-04,"1,996.98"
2013-10-07,"1,994.42"
2013-10-08,"2,002.76"
2013-10-10,"2,001.40"
2013-10-11,"2,024.90"
2013-10-14,"2,020.27"
2013-10-15,"2,040.96"
2013-10-16,"2,034.61"
2013-10-17,"2,040.61"
2013-10-18,"2,052.40"
2013-10-21,"2,053.01"
2013-10-22,"2,056.12"
2013-10-23,"2,035.75"
2013-10-24,"2,046.69"
2013-10-25,"2,034.39"
2013-10-28,"2,048.14"
2013-10-29,"2,051.76"
2013-10-30,"2,059.58"
2013-10-31,"2,030.09"
2013-11-01,"2,039.42"
2013-11-04,"2,025.17"
2013-11-05,"2,013.93"
2013-11-06,"2,013.67"
2013-11-07,"2,004.04"
2013-11-08,"1,984.87"
2013-11-11,"1,977.30"
2013-11-12,"1,995.48"
2013-11-13,"1,963.56"
2013-11-14,"1,967.56"
2013-11-15,"2,005.64"
2013-11-18,"2,010.81"
2013-11-19,"2,031.64"
2013-11-20,"2,017.24"
2013-11-21,"1,993.78"
2013-11-22,"2,006.23"
2013-11-25,"2,015.98"
2013-11-26,"2,022.64"
2013-11-27,"2,028.81"
2013-11-28,"2,045.77"
2013-11-29,"2,044.87"
2013-12-02,"2,030.78"
2013-12-03,"2,009.36"
2013-12-04,"1,986.80"
2013-12-05,"1,984.77"
2013-12-06,"1,980.41"
2013-12-09,"2,000.38"
2013-12-10,"1,993.45"
2013-12-11,"1,977.97"
2013-12-12,"1,967.93"
2013-12-13,"1,962.91"
2013-12-16,"1,961.15"
2013-12-17,"1,965.74"
2013-12-18,"1,974.63"
2013-12-19,"1,975.65"
2013-12-20,"1,983.35"
2013-12-23,"1,996.89"
2013-12-24,"2,001.59"
2013-12-26,"1,999.30"
2013-12-27,"2,002.28"
2013-12-30,"2,011.34"
2014-01-02,"1,967.19"
2014-01-03,"1,946.14"
2014-01-06,"1,953.28"
2014-01-07,"1,959.44"
2014-01-08,"1,958.96"
2014-01-09,"1,946.11"
2014-01-10,"1,938.54"
2014-01-13,"1,948.92"
2014-01-14,"1,946.07"
2014-01-15,"1,953.28"
2014-01-16,"1,957.32"
2014-01-17,"1,944.48"
2014-01-20,"1,953.78"
2014-01-21,"1,963.89"
2014-01-22,"1,970.42"
2014-01-23,"1,947.59"
2014-01-24,"1,940.56"
2014-01-27,"1,910.34"
2014-01-28,"1,916.93"
2014-01-29,"1,941.15"
2014-02-03,"1,919.96"
2014-02-04,"1,886.85"
2014-02-05,"1,891.32"
2014-02-06,"1,907.89"
2014-02-07,"1,922.50"
2014-02-10,"1,923.30"
2014-02-11,"1,932.06"
2014-02-12,"1,935.84"
2014-02-13,"1,926.96"
2014-02-14,"1,940.28"
2014-02-17,"1,946.36"
2014-02-18,"1,946.91"
2014-02-19,"1,942.93"
2014-02-20,"1,930.57"
2014-02-21,"1,957.83"
2014-02-24,"1,949.05"
2014-02-25,"1,964.86"
2014-02-26,"1,970.77"
2014-02-27,"1,978.43"
2014-02-28,"1,979.99"
2014-03-03,"1,964.69"
2014-03-04,"1,954.11"
2014-03-05,"1,971.24"
2014-03-06,"1,975.62"
2014-03-07,"1,974.68"
2014-03-10,"1,954.42"
2014-03-11,"1,963.87"
2014-03-12,"1,932.54"
2014-03-13,"1,934.38"
2014-03-14,"1,919.90"
2014-03-17,"1,927.53"
2014-03-18,"1,940.21"
2014-03-19,"1,937.68"
2014-03-20,"1,919.52"
2014-03-21,"1,934.94"
2014-03-24,"1,945.55"
2014-03-25,"1,941.25"
2014-03-26,"1,964.31"
2014-03-27,"1,977.97"
2014-03-28,"1,981.00"
2014-03-31,"1,985.61"
2014-04-01,"1,991.98"
2014-04-02,"1,997.25"
2014-04-03,"1,993.70"
2014-04-04,"1,988.09"
2014-04-07,"1,989.70"
2014-04-08,"1,993.03"
2014-04-09,"1,998.95"
2014-04-10,"2,008.61"
2014-04-11,"1,997.44"
2014-04-14,"1,997.02"
2014-04-15,"1,992.27"
2014-04-16,"1,992.21"
2014-04-17,"1,992.05"
2014-04-18,"2,004.28"
2014-04-21,"1,999.22"
2014-04-22,"2,004.22"
2014-04-23,"2,000.37"
2014-04-24,"1,998.34"
2014-04-25,"1,971.66"
2014-04-28,"1,969.26"
2014-04-29,"1,964.77"
2014-04-30,"1,961.79"
2014-05-02,"1,959.44"
2014-05-07,"1,939.88"
2014-05-08,"1,950.60"
2014-05-09,"1,956.55"
2014-05-12,"1,964.94"
2014-05-13,"1,982.93"
2014-05-14,"2,010.83"
2014-05-15,"2,010.20"
2014-05-16,"2,013.44"
2014-05-19,"2,015.14"
2014-05-20,"2,011.26"
2014-05-21,"2,008.33"
2014-05-22,"2,015.59"
2014-05-23,"2,017.17"
2014-05-26,"2,010.35"
2014-05-27,"1,997.63"
2014-05-28,"2,017.06"
2014-05-29,"2,012.26"
2014-05-30,"1,994.96"
2014-06-02,"2,002.00"
2014-06-03,"2,008.56"
2014-06-05,"1,995.48"
2014-06-09,"1,990.04"
2014-06-10,"2,011.80"
2014-06-11,"2,014.67"
2014-06-12,"2,011.65"
2014-06-13,"1,990.85"
2014-06-16,"1,993.59"
2014-06-17,"2,001.55"
2014-06-18,"1,989.49"
2014-06-19,"1,992.03"
2014-06-20,"1,968.07"
2014-06-23,"1,974.92"
2014-06-24,"1,994.35"
2014-06-25,"1,981.77"
2014-06-26,"1,995.05"
2014-06-27,"1,988.51"
2014-06-30,"2,002.21"
2014-07-01,"1,999.00"
2014-07-02,"2,015.28"
2014-07-03,"2,010.97"
2014-07-04,"2,009.66"
2014-07-07,"2,005.12"
2014-07-08,"2,006.66"
2014-07-09,"2,000.50"
2014-07-10,"2,002.84"
2014-07-11,"1,988.74"
2014-07-14,"1,993.88"
2014-07-15,"2,012.72"
2014-07-16,"2,013.48"
2014-07-17,"2,020.90"
2014-07-18,"2,019.42"
2014-07-21,"2,018.50"
2014-07-22,"2,028.93"
2014-07-23,"2,028.32"
2014-07-24,"2,026.62"
2014-07-25,"2,033.85"
2014-07-28,"2,048.81"
2014-07-29,"2,061.97"
2014-07-30,"2,082.61"
2014-07-31,"2,076.12"
2014-08-01,"2,073.10"
2014-08-04,"2,080.42"
2014-08-05,"2,066.26"
2014-08-06,"2,060.73"
2014-08-07,"2,054.51"
2014-08-08,"2,031.10"
2014-08-11,"2,039.37"
2014-08-12,"2,041.47"
2014-08-13,"2,062.36"
2014-08-14,"2,063.22"
2014-08-18,"2,053.13"
2014-08-19,"2,071.14"
2014-08-20,"2,072.78"
2014-08-21,"2,044.21"
2014-08-22,"2,056.70"
2014-08-25,"2,060.89"
2014-08-26,"2,068.05"
2014-08-27,"2,074.93"
2014-08-28,"2,075.76"
2014-08-29,"2,068.54"
2014-09-01,"2,067.86"
2014-09-02,"2,051.58"
2014-09-03,"2,051.20"
2014-09-04,"2,056.26"
2014-09-05,"2,049.41"
2014-09-11,"2,034.16"
2014-09-12,"2,041.86"
2014-09-15,"2,035.82"
2014-09-16,"2,042.92"
2014-09-17,"2,062.61"
2014-09-18,"2,047.74"
2014-09-19,"2,053.82"
2014-09-22,"2,039.27"
2014-09-23,"2,028.91"
2014-09-24,"2,035.64"
2014-09-25,"2,034.11"
2014-09-26,"2,031.64"
2014-09-29,"2,026.60"
2014-09-30,"2,020.09"
2014-10-01,"1,991.54"
2014-10-02,"1,976.16"
2014-10-06,"1,968.39"
2014-10-07,"1,972.91"
2014-10-08,"1,965.25"
2014-10-10,"1,940.92"
2014-10-13,"1,927.21"
2014-10-14,"1,929.25"
2014-10-15,"1,925.91"
2014-10-16,"1,918.83"
2014-10-17,"1,900.66"
2014-10-20,"1,930.06"
2014-10-21,"1,915.28"
2014-10-22,"1,936.97"
2014-10-23,"1,931.65"
2014-10-24,"1,925.69"
2014-10-27,"1,931.97"
2014-10-28,"1,925.68"
2014-10-29,"1,961.17"
2014-10-30,"1,958.93"
2014-10-31,"1,964.43"
2014-11-03,"1,952.97"
2014-11-04,"1,935.19"
2014-11-05,"1,931.43"
2014-11-06,"1,936.48"
2014-11-07,"1,939.87"
2014-11-10,"1,958.23"
2014-11-11,"1,963.00"
2014-11-12,"1,967.27"
2014-11-13,"1,960.51"
2014-11-14,"1,945.14"
2014-11-17,"1,943.63"
2014-11-18,"1,967.01"
2014-11-19,"1,966.87"
2014-11-20,"1,958.04"
2014-11-21,"1,964.84"
2014-11-24,"1,978.54"
2014-11-25,"1,980.21"
2014-11-26,"1,980.84"
2014-11-27,"1,982.09"
2014-11-28,"1,980.78"
2014-12-01,"1,965.22"
2014-12-02,"1,965.83"
2014-12-03,"1,969.91"
2014-12-04,"1,986.61"
2014-12-05,"1,986.62"
2014-12-08,"1,978.95"
2014-12-09,"1,970.95"
2014-12-10,"1,945.56"
2014-12-11,"1,916.59"
2014-12-12,"1,921.71"
2014-12-15,"1,920.36"
2014-12-16,"1,904.13"
2014-12-17,"1,900.16"
2014-12-18,"1,897.50"
2014-12-19,"1,929.98"
2014-12-22,"1,943.12"
2014-12-23,"1,939.02"
2014-12-24,"1,946.61"
2014-12-26,"1,948.16"
2014-12-29,"1,927.86"
2014-12-30,"1,915.59"
2015-01-02,"1,926.44"
2015-01-05,"1,915.75"
2015-01-06,"1,882.45"
2015-01-07,"1,883.83"
2015-01-08,"1,904.65"
2015-01-09,"1,924.70"
2015-01-12,"1,920.95"
2015-01-13,"1,917.14"
2015-01-14,"1,913.66"
2015-01-15,"1,914.14"
2015-01-16,"1,888.13"
2015-01-19,"1,902.62"
2015-01-20,"1,918.31"
2015-01-21,"1,921.23"
2015-01-22,"1,920.82"
2015-01-23,"1,936.09"
2015-01-26,"1,935.68"
2015-01-27,"1,952.40"
2015-01-28,"1,961.58"
2015-01-29,"1,951.02"
2015-01-30,"1,949.26"
2015-02-02,"1,952.68"
2015-02-03,"1,951.96"
2015-02-04,"1,962.79"
2015-02-05,"1,952.84"
2015-02-06,"1,955.52"
2015-02-09,"1,947.00"
2015-02-10,"1,935.86"
2015-02-11,"1,945.70"
2015-02-12,"1,941.63"
2015-02-13,"1,957.50"
2015-02-16,"1,958.23"
2015-02-17,"1,961.45"
2015-02-23,"1,968.39"
2015-02-24,"1,976.12"
2015-02-25,"1,990.47"
2015-02-26,"1,993.08"
2015-02-27,"1,985.80"
2015-03-02,"1,996.81"
2015-03-03,"2,001.38"
2015-03-04,"1,998.29"
2015-03-05,"1,998.38"
2015-03-06,"2,012.94"
2015-03-09,"1,992.82"
2015-03-10,"1,984.77"
2015-03-11,"1,980.83"
2015-03-12,"1,970.59"
2015-03-13,"1,985.79"
2015-03-16,"1,987.33"
2015-03-17,"2,029.91"
2015-03-18,"2,028.45"
2015-03-19,"2,037.89"
2015-03-20,"2,037.24"
2015-03-23,"2,036.59"
2015-03-24,"2,041.37"
2015-03-25,"2,042.81"
2015-03-26,"2,022.56"
2015-03-27,"2,019.80"
2015-03-30,"2,030.04"
2015-03-31,"2,041.03"
2015-04-01,"2,028.45"
2015-04-02,"2,029.07"
2015-04-03,"2,045.42"
2015-04-06,"2,046.43"
2015-04-07,"2,047.03"
2015-04-08,"2,059.26"
2015-04-09,"2,058.87"
2015-04-10,"2,087.76"
2015-04-13,"2,098.92"
2015-04-14,"2,111.72"
2015-04-15,"2,119.96"
2015-04-16,"2,139.90"
2015-04-17,"2,143.50"
2015-04-20,"2,146.71"
2015-04-21,"2,144.79"
2015-04-22,"2,143.89"
2015-04-23,"2,173.41"
2015-04-24,"2,159.80"
2015-04-27,"2,157.54"
2015-04-28,"2,147.67"
2015-04-29,"2,142.63"
2015-04-30,"2,127.17"
2015-05-04,"2,132.23"
2015-05-06,"2,104.58"
2015-05-07,"2,091.00"
2015-05-08,"2,085.52"
2015-05-11,"2,097.38"
2015-05-12,"2,096.77"
2015-05-13,"2,114.16"
2015-05-14,"2,120.33"
2015-05-15,"2,106.50"
2015-05-18,"2,113.72"
2015-05-19,"2,120.85"
2015-05-20,"2,139.54"
2015-05-21,"2,122.81"
2015-05-22,"2,146.10"
2015-05-26,"2,143.50"
2015-05-27,"2,107.50"
2015-05-28,"2,110.89"
2015-05-29,"2,114.80"
2015-06-01,"2,102.37"
2015-06-02,"2,078.64"
2015-06-03,"2,063.16"
2015-06-04,"2,072.86"
2015-06-05,"2,068.10"
2015-06-08,"2,065.19"
2015-06-09,"2,064.03"
2015-06-10,"2,051.32"
2015-06-11,"2,056.61"
2015-06-12,"2,052.17"
2015-06-15,"2,042.32"
2015-06-16,"2,028.72"
2015-06-17,"2,034.86"
2015-06-18,"2,041.88"
2015-06-19,"2,046.96"
2015-06-22,"2,055.16"
2015-06-23,"2,081.20"
2015-06-24,"2,085.53"
2015-06-25,"2,085.06"
2015-06-26,"2,090.26"
2015-06-29,"2,060.49"
2015-06-30,"2,074.20"
2015-07-01,"2,097.89"
2015-07-02,"2,107.33"
2015-07-03,"2,104.41"
2015-07-06,"2,053.93"
2015-07-07,"2,040.29"
2015-07-08,"2,016.21"
2015-07-09,"2,027.81"
2015-07-10,"2,031.17"
2015-07-13,"2,061.52"
2015-07-14,"2,059.23"
2015-07-15,"2,072.91"
2015-07-16,"2,087.89"
2015-07-17,"2,076.79"
2015-07-20,"2,073.31"
2015-07-21,"2,083.62"
2015-07-22,"2,064.73"
2015-07-23,"2,065.07"
2015-07-24,"2,045.96"
2015-07-27,"2,038.81"
2015-07-28,"2,039.10"
2015-07-29,"2,037.62"
2015-07-30,"2,019.03"
2015-07-31,"2,030.16"
2015-08-03,"2,008.49"
2015-08-04,"2,027.99"
2015-08-05,"2,029.76"
2015-08-06,"2,013.29"
2015-08-07,"2,010.23"
2015-08-10,"2,003.17"
2015-08-11,"1,986.65"
2015-08-12,"1,975.47"
2015-08-13,"1,983.46"
2015-08-17,"1,968.52"
2015-08-18,"1,956.26"
2015-08-19,"1,939.38"
2015-08-20,"1,914.55"
2015-08-21,"1,876.07"
2015-08-24,"1,829.81"
2015-08-25,"1,846.63"
2015-08-26,"1,894.09"
2015-08-27,"1,908.00"
2015-08-28,"1,937.67"
2015-08-31,"1,941.49"
2015-09-01,"1,914.23"
2015-09-02,"1,915.22"
2015-09-03,"1,915.53"
2015-09-04,"1,886.04"
2015-09-07,"1,883.22"
2015-09-08,"1,878.68"
2015-09-09,"1,934.20"
2015-09-10,"1,962.11"
2015-09-11,"1,941.37"
2015-09-14,"1,931.46"
2015-09-15,"1,937.56"
2015-09-16,"1,975.45"
2015-09-17,"1,976.49"
2015-09-18,"1,995.95"
2015-09-21,"1,964.68"
2015-09-22,"1,982.06"
2015-09-23,"1,944.64"
2015-09-24,"1,947.10"
2015-09-25,"1,942.85"
2015-09-30,"1,962.81"
2015-10-01,"1,979.32"
2015-10-02,"1,969.68"
2015-10-05,"1,978.25"
2015-10-06,"1,990.65"
2015-10-07,"2,005.84"
2015-10-08,"2,019.53"
2015-10-12,"2,021.63"
2015-10-13,"2,019.05"
2015-10-14,"2,009.55"
2015-10-15,"2,033.27"
2015-10-16,"2,030.26"
2015-10-19,"2,030.27"
2015-10-20,"2,039.36"
2015-10-21,"2,042.98"
2015-10-22,"2,023.00"
2015-10-23,"2,040.40"
2015-10-26,"2,048.08"
2015-10-27,"2,044.65"
2015-10-28,"2,042.51"
2015-10-29,"2,034.16"
2015-10-30,"2,029.47"
2015-11-02,"2,035.24"
2015-11-03,"2,048.40"
2015-11-04,"2,052.77"
2015-11-05,"2,049.41"
2015-11-06,"2,041.07"
2015-11-09,"2,025.70"
2015-11-10,"1,996.59"
2015-11-11,"1,997.27"
2015-11-12,"1,993.36"
2015-11-13,"1,973.29"
2015-11-16,"1,943.02"
2015-11-17,"1,963.58"
2015-11-18,"1,962.88"
2015-11-19,"1,988.91"
2015-11-20,"1,989.86"
2015-11-23,"2,003.70"
2015-11-24,"2,016.29"
2015-11-25,"2,009.42"
2015-11-26,"2,030.68"
2015-11-27,"2,028.99"
2015-11-30,"1,991.97"
2015-12-01,"2,023.93"
2015-12-02,"2,009.29"
2015-12-03,"1,994.07"
2015-12-04,"1,974.40"
2015-12-07,"1,963.67"
2015-12-08,"1,949.04"
2015-12-09,"1,948.24"
2015-12-10,"1,952.07"
2015-12-11,"1,948.62"
2015-12-14,"1,927.82"
2015-12-15,"1,932.97"
2015-12-16,"1,969.40"
2015-12-17,"1,977.96"
2015-12-18,"1,975.32"
2015-12-21,"1,981.19"
2015-12-22,"1,992.56"
2015-12-23,"1,999.22"
2015-12-24,"1,990.65"
2015-12-28,"1,964.06"
2015-12-29,"1,966.31"
2015-12-30,"1,961.31"
2016-01-04,"1,918.76"
2016-01-05,"1,930.53"
2016-01-06,"1,925.43"
2016-01-07,"1,904.33"
2016-01-08,"1,917.62"
2016-01-11,"1,894.84"
2016-01-12,"1,890.86"
2016-01-13,"1,916.28"
2016-01-14,"1,900.01"
2016-01-15,"1,878.87"
2016-01-18,"1,878.45"
2016-01-19,"1,889.64"
2016-01-20,"1,845.45"
2016-01-21,"1,840.53"
2016-01-22,"1,879.43"
2016-01-25,"1,893.43"
2016-01-26,"1,871.69"
2016-01-27,"1,897.87"
2016-01-28,"1,906.94"
2016-01-29,"1,912.06"
2016-02-01,"1,924.82"
2016-02-02,"1,906.60"
2016-02-03,"1,890.67"
2016-02-04,"1,916.26"
2016-02-05,"1,917.79"
2016-02-11,"1,861.54"
2016-02-12,"1,835.28"
2016-02-15,"1,862.20"
2016-02-16,"1,888.30"
2016-02-17,"1,883.94"
2016-02-18,"1,908.84"
2016-02-19,"1,916.24"
2016-02-22,"1,916.36"
2016-02-23,"1,914.22"
2016-02-24,"1,912.53"
2016-02-25,"1,918.57"
2016-02-26,"1,920.16"
2016-02-29,"1,916.66"
2016-03-02,"1,947.42"
2016-03-03,"1,958.17"
2016-03-04,"1,955.63"
2016-03-07,"1,957.87"
2016-03-08,"1,946.12"
2016-03-09,"1,952.95"
2016-03-10,"1,969.33"
2016-03-11,"1,971.41"
2016-03-14,"1,972.27"
2016-03-15,"1,969.97"
2016-03-16,"1,974.90"
2016-03-17,"1,987.99"
2016-03-18,"1,992.12"
2016-03-21,"1,989.76"
2016-03-22,"1,996.81"
2016-03-23,"1,995.12"
2016-03-24,"1,985.97"
2016-03-25,"1,983.81"
2016-03-28,"1,982.54"
2016-03-29,"1,994.91"
2016-03-30,"2,002.14"
2016-03-31,"1,995.85"
2016-04-01,"1,973.57"
2016-04-04,"1,978.97"
2016-04-05,"1,962.74"
2016-04-06,"1,971.32"
2016-04-07,"1,973.89"
2016-04-08,"1,972.05"
2016-04-11,"1,970.37"
2016-04-12,"1,981.32"
2016-04-14,"2,015.93"
2016-04-15,"2,014.71"
2016-04-18,"2,009.10"
2016-04-19,"2,011.36"
2016-04-20,"2,005.83"
2016-04-21,"2,022.10"
2016-04-22,"2,015.49"
2016-04-25,"2,014.55"
2016-04-26,"2,019.63"
2016-04-27,"2,015.40"
2016-04-28,"2,000.93"
2016-04-29,"1,994.15"
2016-05-02,"1,978.15"
2016-05-03,"1,986.41"
2016-05-04,"1,976.71"
2016-05-09,"1,967.81"
2016-05-10,"1,982.50"
2016-05-11,"1,980.10"
2016-05-12,"1,977.49"
2016-05-13,"1,966.99"
2016-05-16,"1,967.91"
2016-05-17,"1,968.06"
2016-05-18,"1,956.73"
2016-05-19,"1,946.78"
2016-05-20,"1,947.67"
2016-05-23,"1,955.25"
2016-05-24,"1,937.68"
2016-05-25,"1,960.51"
2016-05-26,"1,957.06"
2016-05-27,"1,969.17"
2016-05-30,"1,967.13"
2016-05-31,"1,983.40"
2016-06-01,"1,982.72"
2016-06-02,"1,985.11"
2016-06-03,"1,985.84"
2016-06-07,"2,011.63"
2016-06-08,"2,027.08"
2016-06-09,"2,024.17"
2016-06-10,"2,017.63"
2016-06-13,"1,979.06"
2016-06-14,"1,972.03"
2016-06-15,"1,968.83"
2016-06-16,"1,951.99"
2016-06-17,"1,953.40"
2016-06-20,"1,981.12"
2016-06-21,"1,982.70"
2016-06-22,"1,992.58"
2016-06-23,"1,986.71"
2016-06-24,"1,925.24"
2016-06-27,"1,926.85"
2016-06-28,"1,936.22"
2016-06-29,"1,956.36"
2016-06-30,"1,970.35"
2016-07-01,"1,987.32"
2016-07-04,"1,995.30"
2016-07-05,"1,989.85"
2016-07-06,"1,953.12"
2016-07-07,"1,974.08"
2016-07-08,"1,963.10"
2016-07-11,"1,988.54"
2016-07-12,"1,991.23"
2016-07-13,"2,005.55"
2016-07-14,"2,008.77"
2016-07-15,"2,017.26"
2016-07-18,"2,021.11"
2016-07-19,"2,016.89"
2016-07-20,"2,015.46"
2016-07-21,"2,012.22"
2016-07-22,"2,010.34"
2016-07-25,"2,012.32"
2016-07-26,"2,027.34"
2016-07-27,"2,025.05"
2016-07-28,"2,021.10"
2016-07-29,"2,016.19"
2016-08-01,"2,029.61"
2016-08-02,"2,019.03"
2016-08-03,"1,994.79"
2016-08-04,"2,000.03"
2016-08-05,"2,017.94"
2016-08-08,"2,031.12"
2016-08-09,"2,043.78"
2016-08-10,"2,044.64"
2016-08-11,"2,048.80"
2016-08-12,"2,050.47"
2016-08-16,"2,047.76"
2016-08-17,"2,043.75"
2016-08-18,"2,055.47"
2016-08-19,"2,056.24"
2016-08-22,"2,042.16"
2016-08-23,"2,049.93"
2016-08-24,"2,043.76"
2016-08-25,"2,042.92"
2016-08-26,"2,037.50"
2016-08-29,"2,032.35"
2016-08-30,"2,039.74"
2016-08-31,"2,034.65"
2016-09-01,"2,032.72"
2016-09-02,"2,038.31"
2016-09-05,"2,060.08"
2016-09-06,"2,066.53"
2016-09-07,"2,061.88"
2016-09-08,"2,063.73"
2016-09-09,"2,037.87"
2016-09-12,"1,991.48"
2016-09-13,"1,999.36"
2016-09-19,"2,015.78"
2016-09-20,"2,025.71"
2016-09-21,"2,035.99"
2016-09-22,"2,049.70"
2016-09-23,"2,054.07"
2016-09-26,"2,047.11"
2016-09-27,"2,062.82"
2016-09-28,"2,053.06"
2016-09-29,"2,068.72"
2016-09-30,"2,043.63"
2016-10-04,"2,054.86"
2016-10-05,"2,053.00"
2016-10-06,"2,065.30"
2016-10-07,"2,053.80"
2016-10-10,"2,056.82"
2016-10-11,"2,031.93"
2016-10-12,"2,033.73"
2016-10-13,"2,015.44"
2016-10-14,"2,022.66"
2016-10-17,"2,027.61"
2016-10-18,"2,040.43"
2016-10-19,"2,040.94"
2016-10-20,"2,040.60"
2016-10-21,"2,033.00"
2016-10-24,"2,047.74"
2016-10-25,"2,037.17"
2016-10-26,"2,013.89"
2016-10-27,"2,024.12"
2016-10-28,"2,019.42"
2016-10-31,"2,008.19"
2016-11-01,"2,007.39"
2016-11-02,"1,978.94"
2016-11-03,"1,983.80"
2016-11-04,"1,982.02"
2016-11-07,"1,997.58"
2016-11-08,"2,003.38"
2016-11-09,"1,958.38"
2016-11-10,"2,002.60"
2016-11-11,"1,984.43"
2016-11-14,"1,974.40"
2016-11-15,"1,967.53"
2016-11-16,"1,979.65"
2016-11-17,"1,980.55"
2016-11-18,"1,974.58"
2016-11-21,"1,966.05"
2016-11-22,"1,983.47"
2016-11-23,"1,987.95"
2016-11-24,"1,971.26"
2016-11-25,"1,974.46"
2016-11-28,"1,978.13"
2016-11-29,"1,978.39"
2016-11-30,"1,983.48"
2016-12-01,"1,983.75"
2016-12-02,"1,970.61"
2016-12-05,"1,963.36"
2016-12-06,"1,989.86"
2016-12-07,"1,991.89"
2016-12-08,"2,031.07"
2016-12-09,"2,024.69"
2016-12-12,"2,027.24"
2016-12-13,"2,035.98"
2016-12-14,"2,036.87"
2016-12-15,"2,036.65"
2016-12-16,"2,042.24"
2016-12-19,"2,038.39"
2016-12-20,"2,041.94"
2016-12-21,"2,037.96"
2016-12-22,"2,035.73"
2016-12-23,"2,035.90"
2016-12-26,"2,037.75"
2016-12-27,"2,042.17"
2016-12-28,"2,024.49"
2016-12-29,"2,026.46"
2017-01-02,"2,026.16"
2017-01-03,"2,043.97"
2017-01-04,"2,045.64"
2017-01-05,"2,041.95"
2017-01-06,"2,049.12"
2017-01-09,"2,048.78"
2017-01-10,"2,045.12"
2017-01-11,"2,075.17"
2017-01-12,"2,087.14"
2017-01-13,"2,076.79"
2017-01-16,"2,064.17"
2017-01-17,"2,071.87"
2017-01-18,"2,070.54"
2017-01-19,"2,072.79"
2017-01-20,"2,065.61"
2017-01-23,"2,065.99"
2017-01-24,"2,065.76"
2017-01-25,"2,066.94"
2017-01-26,"2,083.59"
2017-01-31,"2,067.57"
2017-02-01,"2,080.48"
2017-02-02,"2,071.01"
2017-02-03,"2,073.16"
2017-02-06,"2,077.66"
2017-02-07,"2,075.21"
2017-02-08,"2,065.08"
2017-02-09,"2,065.88"
2017-02-10,"2,075.08"
2017-02-13,"2,078.65"
2017-02-14,"2,074.57"
2017-02-15,"2,083.86"
2017-02-16,"2,081.84"
2017-02-17,"2,080.58"
2017-02-20,"2,084.39"
2017-02-21,"2,102.93"
2017-02-22,"2,106.61"
2017-02-23,"2,107.63"
2017-02-24,"2,094.12"
2017-02-27,"2,085.52"
2017-02-28,"2,091.64"
2017-03-02,"2,102.65"
2017-03-03,"2,078.75"
2017-03-06,"2,081.36"
2017-03-07,"2,094.05"
2017-03-08,"2,095.41"
2017-03-09,"2,091.06"
2017-03-10,"2,097.35"
2017-03-13,"2,117.59"
2017-03-14,"2,133.78"
2017-03-15,"2,133.00"
2017-03-16,"2,150.08"
2017-03-17,"2,164.58"
2017-03-20,"2,157.01"
2017-03-21,"2,178.38"
2017-03-22,"2,168.30"
2017-03-23,"2,172.72"
2017-03-24,"2,168.95"
2017-03-27,"2,155.66"
2017-03-28,"2,163.31"
2017-03-29,"2,166.98"
2017-03-30,"2,164.64"
2017-03-31,"2,160.23"
2017-04-03,"2,167.51"
2017-04-04,"2,161.10"
2017-04-05,"2,160.85"
2017-04-06,"2,152.75"
2017-04-07,"2,151.73"
2017-04-10,"2,133.32"
2017-04-11,"2,123.85"
2017-04-12,"2,128.91"
2017-04-13,"2,148.61"
2017-04-14,"2,134.88"
2017-04-17,"2,145.76"
2017-04-18,"2,148.46"
2017-04-19,"2,138.40"
2017-04-20,"2,149.15"
2017-04-21,"2,165.04"
2017-04-24,"2,173.74"
2017-04-25,"2,196.85"
2017-04-26,"2,207.84"
2017-04-27,"2,209.46"
2017-04-28,"2,205.44"
2017-05-02,"2,219.67"
2017-05-04,"2,241.24"
2017-05-08,"2,292.76"
2017-05-10,"2,270.12"
2017-05-11,"2,296.37"
2017-05-12,"2,286.02"
2017-05-15,"2,290.65"
2017-05-16,"2,295.33"
2017-05-17,"2,293.08"
2017-05-18,"2,286.82"
2017-05-19,"2,288.48"
2017-05-22,"2,304.03"
2017-05-23,"2,311.74"
2017-05-24,"2,317.34"
2017-05-25,"2,342.93"
2017-05-26,"2,355.30"
2017-05-29,"2,352.97"
2017-05-30,"2,343.68"
2017-05-31,"2,347.38"
2017-06-01,"2,344.61"
2017-06-02,"2,371.72"
2017-06-05,"2,368.62"
2017-06-07,"2,360.14"
2017-06-08,"2,363.57"
2017-06-09,"2,381.69"
2017-06-12,"2,357.87"
2017-06-13,"2,374.70"
2017-06-14,"2,372.64"
2017-06-15,"2,361.65"
2017-06-16,"2,361.83"
2017-06-19,"2,370.90"
2017-06-20,"2,369.23"
2017-06-21,"2,357.53"
2017-06-22,"2,370.37"
2017-06-23,"2,378.60"
2017-06-26,"2,388.66"
2017-06-27,"2,391.95"
2017-06-28,"2,382.56"
2017-06-29,"2,395.66"
2017-06-30,"2,391.79"
2017-07-03,"2,394.48"
2017-07-04,"2,380.52"
2017-07-05,"2,388.35"
2017-07-06,"2,387.81"
2017-07-07,"2,379.87"
2017-07-10,"2,382.10"
2017-07-11,"2,396.00"
2017-07-12,"2,391.77"
2017-07-13,"2,409.49"
2017-07-14,"2,414.63"
2017-07-17,"2,425.10"
2017-07-18,"2,426.04"
2017-07-19,"2,429.94"
2017-07-20,"2,441.84"
2017-07-21,"2,450.06"
2017-07-24,"2,451.53"
2017-07-25,"2,439.90"
2017-07-26,"2,434.51"
2017-07-27,"2,443.24"
2017-07-28,"2,400.99"
2017-07-31,"2,402.71"
2017-08-01,"2,422.96"
2017-08-02,"2,427.63"
2017-08-03,"2,386.85"
2017-08-04,"2,395.45"
2017-08-07,"2,398.75"
2017-08-08,"2,394.73"
2017-08-09,"2,368.39"
2017-08-10,"2,359.47"
2017-08-11,"2,319.71"
2017-08-14,"2,334.22"
2017-08-16,"2,348.26"
2017-08-17,"2,361.67"
2017-08-18,"2,358.37"
2017-08-21,"2,355.00"
2017-08-22,"2,365.33"
2017-08-23,"2,366.40"
2017-08-24,"2,375.84"
2017-08-25,"2,378.51"
2017-08-28,"2,370.30"
2017-08-29,"2,364.74"
2017-08-30,"2,372.29"
2017-08-31,"2,363.19"
2017-09-01,"2,357.69"
2017-09-04,"2,329.65"
2017-09-05,"2,326.62"
2017-09-06,"2,319.82"
2017-09-07,"2,346.19"
2017-09-08,"2,343.72"
2017-09-11,"2,359.08"
2017-09-12,"2,365.47"
2017-09-13,"2,360.18"
2017-09-14,"2,377.66"
2017-09-15,"2,386.07"
2017-09-18,"2,418.21"
2017-09-19,"2,416.05"
2017-09-20,"2,412.20"
2017-09-21,"2,406.50"
2017-09-22,"2,388.71"
2017-09-25,"2,380.40"
2017-09-26,"2,374.32"
2017-09-27,"2,372.57"
2017-09-28,"2,373.14"
2017-09-29,"2,394.47"
2017-10-10,"2,433.81"
2017-10-11,"2,458.16"
2017-10-12,"2,474.76"
2017-10-13,"2,473.62"
2017-10-16,"2,480.05"
2017-10-17,"2,484.37"
2017-10-18,"2,482.91"
2017-10-19,"2,473.06"
2017-10-20,"2,489.54"
2017-10-23,"2,490.05"
2017-10-24,"2,490.49"
2017-10-25,"2,492.50"
2017-10-26,"2,480.63"
2017-10-27,"2,496.63"
2017-10-30,"2,501.93"
2017-10-31,"2,523.43"
2017-11-01,"2,556.47"
2017-11-02,"2,546.36"
2017-11-03,"2,557.97"
2017-11-06,"2,549.41"
2017-11-07,"2,545.44"
2017-11-08,"2,552.40"
2017-11-09,"2,550.57"
2017-11-10,"2,542.95"
2017-11-13,"2,530.35"
2017-11-14,"2,526.64"
2017-11-15,"2,518.25"
2017-11-16,"2,534.79"
2017-11-17,"2,533.99"
2017-11-20,"2,527.67"
2017-11-21,"2,530.70"
2017-11-22,"2,540.51"
2017-11-23,"2,537.15"
2017-11-24,"2,544.33"
2017-11-27,"2,507.81"
2017-11-28,"2,514.19"
2017-11-29,"2,512.90"
2017-11-30,"2,476.37"
2017-12-01,"2,475.41"
2017-12-04,"2,501.67"
2017-12-05,"2,510.12"
2017-12-06,"2,474.37"
2017-12-07,"2,461.98"
2017-12-08,"2,464.00"
2017-12-11,"2,471.49"
2017-12-12,"2,461.00"
2017-12-13,"2,480.55"
2017-12-14,"2,469.48"
2017-12-15,"2,482.07"
2017-12-18,"2,481.88"
2017-12-19,"2,478.53"
2017-12-20,"2,472.37"
2017-12-21,"2,429.83"
2017-12-22,"2,440.54"
2017-12-26,"2,427.34"
2017-12-27,"2,436.67"
2017-12-28,"2,467.49"
2018-01-02,"2,479.65"
2018-01-03,"2,486.35"
2018-01-04,"2,466.46"
2018-01-05,"2,497.52"
2018-01-08,"2,513.28"
2018-01-09,"2,510.23"
2018-01-10,"2,499.75"
2018-01-11,"2,487.91"
2018-01-12,"2,496.42"
2018-01-15,"2,503.73"
2018-01-16,"2,521.74"
2018-01-17,"2,515.43"
2018-01-18,"2,515.81"
2018-01-19,"2,520.26"
2018-01-22,"2,502.11"
2018-01-23,"2,536.60"
2018-01-24,"2,538.00"
2018-01-25,"2,562.23"
2018-01-26,"2,574.76"
2018-01-29,"2,598.19"
2018-01-30,"2,567.74"
2018-01-31,"2,566.46"
2018-02-01,"2,568.54"
2018-02-02,"2,525.39"
2018-02-05,"2,491.75"
2018-02-06,"2,453.31"
2018-02-07,"2,396.56"
2018-02-08,"2,407.62"
2018-02-09,"2,363.77"
2018-02-12,"2,385.38"
2018-02-13,"2,395.19"
2018-02-14,"2,421.83"
2018-02-19,"2,442.82"
2018-02-20,"2,415.12"
2018-02-21,"2,429.65"
2018-02-22,"2,414.28"
2018-02-23,"2,451.52"
2018-02-26,"2,457.65"
2018-02-27,"2,456.14"
2018-02-28,"2,427.36"
2018-03-02,"2,402.16"
2018-03-05,"2,375.06"
2018-03-06,"2,411.41"
2018-03-07,"2,401.82"
2018-03-08,"2,433.08"
2018-03-09,"2,459.45"
2018-03-12,"2,484.12"
2018-03-13,"2,494.49"
2018-03-14,"2,486.08"
2018-03-15,"2,492.38"
2018-03-16,"2,493.97"
2018-03-19,"2,475.03"
2018-03-20,"2,485.52"
2018-03-21,"2,484.97"
2018-03-22,"2,496.02"
2018-03-23,"2,416.76"
2018-03-26,"2,437.08"
2018-03-27,"2,452.06"
2018-03-28,"2,419.29"
2018-03-29,"2,436.37"
2018-03-30,"2,445.85"
2018-04-02,"2,444.16"
2018-04-03,"2,442.43"
2018-04-04,"2,408.06"
2018-04-05,"2,437.52"
2018-04-06,"2,429.58"
2018-04-09,"2,444.08"
2018-04-10,"2,450.74"
2018-04-11,"2,444.22"
2018-04-12,"2,442.71"
2018-04-13,"2,455.07"
2018-04-16,"2,457.49"
2018-04-17,"2,453.77"
2018-04-18,"2,479.98"
2018-04-19,"2,486.10"
2018-04-20,"2,476.33"
2018-04-23,"2,474.11"
2018-04-24,"2,464.14"
2018-04-25,"2,448.81"
2018-04-26,"2,475.64"
,
