Date,AAPL,AMZN,FB,GOOG,NFLX,^GSPC
2012-05-17,68.132248,218.360001,,310.361694,10.281428,1304.859985
2012-05-18,68.165665,213.850006,38.23,299.078979,9.994286,1295.219971
2012-05-21,72.136993,218.110001,34.029999,305.908386,10.248571,1315.98999
2012-05-22,71.583061,215.330002,31,299.278229,9.672857,1316.630005
2012-05-23,73.329674,217.279999,32,303.592072,10.272857,1318.859985
2012-05-24,72.656212,215.240005,33.029999,300.702881,10.038571,1320.680054
2012-05-25,72.2668,212.889999,31.91,294.660553,10.031428,1317.819946
2012-05-29,73.549454,214.75,28.84,296.060303,9.92,1332.420044
2012-05-30,74.436249,209.229996,28.190001,293.016693,9.62,1313.319946
2012-05-31,74.251175,212.910004,29.6,289.345459,9.062857,1310.329956
2012-06-01,72.099739,208.220001,27.719999,284.42392,8.992857,1278.040039
2012-06-04,72.523842,214.570007,26.9,288.214691,9.285714,1278.180054
2012-06-05,72.336205,213.210007,25.870001,284.139984,9.261429,1285.5
2012-06-06,73.445358,217.639999,26.809999,289.200989,9.411428,1315.130005
2012-06-07,73.478767,218.800003,26.309999,288.03537,9.234285,1314.98999
2012-06-08,74.584061,218.479996,27.1,289.141235,9.377143,1325.660034
2012-06-11,73.408081,216.5,27.01,283.188538,9,1308.930054
2012-06-12,74.0494,216.419998,27.4,281.494873,9.002857,1324.180054
2012-06-13,73.535316,214.729996,27.27,279.497375,8.975715,1314.880005
2012-06-14,73.45433,214.449997,28.290001,278.481171,8.951428,1329.099976
2012-06-15,73.788521,218.350006,30.01,281.200989,9.398571,1342.839966
2012-06-18,75.285774,222.660004,31.41,284.359161,9.532857,1344.780029
2012-06-19,75.495277,224.029999,31.91,289.679199,9.975715,1357.97998
2012-06-20,75.280624,223.020004,31.6,287.676727,9.737143,1355.689941
2012-06-21,74.243469,220.570007,31.84,281.549683,9.405714,1325.51001
2012-06-22,74.812836,222.160004,33.049999,284.672974,9.694285,1335.02002
2012-06-25,73.356667,220.070007,32.060001,279.303101,9.575714,1313.719971
2012-06-26,73.518631,225.610001,33.099998,281.285675,9.542857,1319.98999
2012-06-27,73.836052,225.619995,32.23,283.587036,9.498571,1331.849976
2012-06-28,73.135612,221.309998,31.360001,281.101349,9.622857,1329.040039
2012-06-29,75.057014,228.350006,31.1,288.951935,9.784286,1362.160034
2012-07-02,76.152031,229.320007,30.77,289.151184,9.692857,1365.51001
2012-07-03,77.037544,229.529999,31.200001,292.817444,10.291429,1374.02002
2012-07-05,78.390877,227.059998,31.469999,296.847351,11.674286,1367.579956
2012-07-06,77.86908,225.050003,31.73,291.895905,11.698571,1354.680054
2012-07-09,78.898537,225.050003,32.169998,291.910858,11.855714,1352.459961
2012-07-10,78.168549,219.5,31.469999,289.763885,11.461429,1341.469971
2012-07-11,77.682732,218.369995,30.969999,284.528503,11.662857,1341.449951
2012-07-12,76.972008,215.360001,30.809999,284.174835,12.138572,1334.76001
2012-07-13,77.752136,218.389999,30.719999,287.183563,12.128572,1356.780029
2012-07-16,78.001472,216.009995,28.25,286.386566,11.854285,1353.640015
2012-07-17,78.005302,216.929993,28.09,287.288177,11.682858,1363.670044
2012-07-18,77.917931,217.470001,29.110001,289.295654,11.61,1372.780029
2012-07-19,78.953827,226.169998,29,295.422668,11.874286,1376.51001
2012-07-20,77.666023,228.289993,28.76,304.269531,11.688571,1362.660034
2012-07-23,77.605606,226.009995,28.75,306.605774,11.42,1350.52002
2012-07-24,77.231621,223.039993,28.450001,302.650604,11.484285,1338.310059
2012-07-25,73.896461,217.050003,29.34,302.859802,8.611428,1337.890015
2012-07-26,73.884888,220.009995,26.85,305.53479,8.144286,1360.02002
2012-07-27,75.2061,237.320007,23.709999,316.294464,8.417143,1385.969971
2012-07-30,76.474617,236.089996,23.15,314.969421,8.25,1385.300049
2012-07-31,78.496284,233.300003,21.709999,315.303162,8.121428,1379.319946
2012-08-01,77.988594,232.089996,20.879999,315.158722,7.785714,1375.319946
2012-08-02,78.114563,230.809998,20.040001,313.20105,7.695714,1365
2012-08-03,79.131172,234.970001,21.09,319.46756,7.701428,1390.98999
2012-08-06,80.011559,233.990005,21.92,320.209778,8.112857,1394.22998
2012-08-07,79.800781,236.559998,20.719999,319.074036,8.271428,1401.349976
2012-08-08,79.66584,234.380005,20.719999,319.915863,8.257143,1402.219971
2012-08-09,80.120171,234.059998,21.01,319.975647,8.272857,1402.800049
2012-08-10,80.245369,232.75,21.809999,319.8013,8.557143,1405.869995
2012-08-13,81.316681,232.440002,21.6,328.772675,8.558572,1404.109985
2012-08-14,81.534821,233.190002,20.379999,333.081543,8.822857,1403.930054
2012-08-15,81.42382,237.419998,21.200001,332.523621,9.037143,1405.530029
2012-08-16,82.135017,241.550003,19.870001,335.17868,9.187143,1415.51001
2012-08-17,83.654213,241.169998,19.049999,337.305695,9.098572,1418.160034
2012-08-20,85.853645,240.350006,20.01,336.508698,9.177143,1418.130005
2012-08-21,84.680359,239.449997,19.16,333.504944,9.371428,1413.170044
2012-08-22,86.333794,243.100006,19.440001,337.325623,9.342857,1413.48999
2012-08-23,85.528366,241.199997,19.440001,337.136322,9.15,1402.079956
2012-08-24,85.604523,245.740005,19.41,338.047913,9.022857,1411.130005
2012-08-27,87.212784,243.919998,19.15,333.360474,8.912857,1410.439941
2012-08-28,87.099197,246.110001,19.34,337.360504,8.992857,1409.300049
2012-08-29,86.927536,247.119995,19.1,342.720398,9.062857,1410.48999
2012-08-30,85.688416,246.220001,19.09,339.56723,8.64,1399.47998
2012-08-31,85.865257,248.270004,18.059999,341.265839,8.531428,1406.579956
2012-09-04,87.12114,247.880005,17.73,339.248413,7.99,1404.939941
2012-09-05,86.509338,246.220001,18.58,339.08902,7.851429,1403.439941
2012-09-06,87.288956,251.380005,18.959999,348.394135,8.092857,1432.119995
2012-09-07,87.827171,259.140015,18.98,351.756531,8.094286,1437.920044
2012-09-10,85.542564,257.089996,18.809999,349.076569,7.988572,1429.079956
2012-09-11,85.265068,255.669998,19.43,344.802582,8.165714,1433.560059
2012-09-12,86.452538,255.630005,20.93,344.150055,8.172857,1436.560059
2012-09-13,88.155037,260.23999,20.709999,351.701721,8.285714,1459.98999
2012-09-14,89.226341,261.269989,22,353.514954,8.645715,1465.77002
2012-09-17,90.323479,258,21.52,353.664368,8.145715,1461.189941
2012-09-18,90.598404,258.75,21.870001,357.798889,8.008572,1459.319946
2012-09-19,90.622932,261.679993,23.290001,362.391663,8.148571,1461.050049
2012-09-20,90.18409,260.809998,22.59,362.7005,8.391429,1460.26001
2012-09-21,90.363457,257.470001,22.860001,365.624542,8.255714,1460.150024
2012-09-24,89.163078,254.800003,20.790001,373.290802,8.055715,1456.890015
2012-09-25,86.936554,252.460007,20.280001,373.181213,7.685714,1441.589966
2012-09-26,85.857506,249.669998,20.620001,375.323212,7.875714,1433.319946
2012-09-27,87.94075,256.589996,20.32,376.837524,7.935714,1447.150024
2012-09-28,86.105347,254.320007,21.66,375.841248,7.777143,1440.670044
2012-10-01,85.110161,252.009995,21.99,379.467651,8.007143,1444.48999
2012-10-02,85.358002,250.600006,22.27,377.081604,8.065714,1445.75
2012-10-03,86.666817,255.919998,21.83,379.826324,8.94,1450.98999
2012-10-04,86.066612,260.470001,21.950001,382.590942,9.524285,1461.400024
2012-10-05,84.23246,258.51001,20.91,382.391693,9.508572,1460.930054
2012-10-08,82.371223,259.059998,20.4,377.505005,10.502857,1455.880005
2012-10-09,82.071747,250.960007,20.23,370.655701,9.361428,1441.47998
2012-10-10,82.724876,244.990005,19.639999,370.889801,9.357142,1432.560059
2012-10-11,81.071426,244.220001,19.75,374.336884,9.425714,1432.839966
2012-10-12,81.279243,242.360001,19.52,370.984467,9.19,1428.589966
2012-10-15,81.931084,244.179993,19.52,369.106506,9.251429,1440.130005
2012-10-16,83.871056,243.940002,19.48,370.959564,9.435715,1454.920044
2012-10-17,83.202446,247.490005,19.879999,376.334412,9.788571,1460.910034
2012-10-18,81.657455,244.850006,18.98,346.202362,9.622857,1457.339966
2012-10-19,78.714554,240,19,339.622009,9.282857,1433.189941
2012-10-22,81.836838,233.779999,19.32,338.067841,9.697143,1433.819946
2012-10-23,79.168869,234.309998,19.5,338.904694,9.745714,1413.109985
2012-10-24,79.616783,228.490005,23.23,337.385406,8.588572,1408.75
2012-10-25,78.675812,222.919998,22.559999,337.614532,8.787143,1412.969971
2012-10-26,77.960747,238.240005,21.940001,336.314423,9.94,1411.939941
2012-10-31,76.840401,232.889999,21.110001,338.879791,11.32,1412.160034
2012-11-01,76.997864,232.139999,21.209999,342.511169,11.098572,1427.589966
2012-11-02,74.449928,232.419998,21.18,342.675568,10.985714,1414.199951
2012-11-05,75.45929,234.330002,21.25,340.204834,11.177143,1417.26001
2012-11-06,75.230835,237.559998,21.17,339.587158,10.91,1428.390015
2012-11-07,72.35231,232.059998,20.469999,332.314392,11.097143,1394.530029
2012-11-08,69.726601,227.350006,19.99,324.927094,10.852858,1377.51001
2012-11-09,70.933784,226.309998,19.209999,330.277039,11.128572,1379.849976
2012-11-12,70.385323,226.470001,20.07,331.706696,11.17,1380.030029
2012-11-13,70.394394,226.600006,19.860001,328.294464,11.372857,1374.530029
2012-11-14,69.613815,222.949997,22.360001,325.05661,11.397142,1355.48999
2012-11-15,68.153778,220.600006,22.17,322.421478,11.64,1353.329956
2012-11-16,68.420891,225.229996,23.559999,322.381622,11.557143,1359.880005
2012-11-19,73.354591,229.710007,22.92,332.857361,11.622857,1386.890015
2012-11-20,72.729614,233.779999,23.1,333.73407,11.771428,1387.810059
2012-11-21,72.832069,238.029999,24.32,331.691742,11.857142,1391.030029
2012-11-23,74.10276,239.880005,24,332.737823,11.85,1409.150024
2012-11-26,76.440598,243.619995,25.940001,329.340546,11.722857,1406.290039
2012-11-27,75.824707,243.399994,26.15,334.102692,11.868571,1398.939941
2012-11-28,75.586121,247.110001,26.360001,340.558502,11.747143,1409.930054
2012-11-29,76.418556,251.270004,27.32,344.653168,11.625714,1415.949951
2012-11-30,75.889534,252.050003,28,347.881042,11.672857,1416.180054
2012-12-03,76.007523,250.330002,27.040001,346.326874,10.857142,1409.459961
2012-12-04,74.666801,252.490005,27.459999,344.224762,12.378572,1407.050049
2012-12-05,69.861458,253.960007,27.709999,342.625763,11.91,1409.280029
2012-12-06,70.957123,253.369995,26.969999,344.274567,12.31,1413.939941
2012-12-07,69.143127,253.270004,27.49,340.827484,12.282857,1418.069946
2012-12-10,68.69838,247.770004,27.84,341.430237,12.114285,1418.550049
2012-12-11,70.198608,250.690002,27.98,347.138824,12.297143,1427.839966
2012-12-12,69.88871,251.759995,27.58,347.47757,12.961429,1428.47998
2012-12-13,68.681526,251.25,28.24,350.037964,13.222857,1419.449951
2012-12-14,66.101234,249.190002,26.809999,349.669342,13.328571,1413.579956
2012-12-17,67.273369,253.860001,26.75,359.04422,13.528571,1430.359985
2012-12-18,69.227417,260.399994,27.709999,359.18866,13.662857,1446.790039
2012-12-19,68.243271,257.98999,27.41,358.71048,13.425714,1435.810059
2012-12-20,67.649422,261.5,27.360001,359.831268,13.357142,1443.689941
2012-12-21,67.338219,256.920013,26.26,356.478821,13.048572,1430.150024
2012-12-24,67.447121,258.619995,26.93,353.425262,12.89,1426.660034
2012-12-26,66.517448,248.630005,26.51,353.11145,12.95,1419.829956
2012-12-27,66.784554,248.309998,26.049999,351.826263,12.928572,1418.099976
2012-12-28,66.075279,245.179993,25.91,348.697998,12.761429,1402.430054
2012-12-31,69.003082,250.869995,26.620001,352.369232,13.227143,1426.189941
2013-01-02,71.189217,257.309998,28,360.274597,13.144286,1462.420044
2013-01-03,70.290649,258.480011,27.77,360.483826,13.798572,1459.369995
2013-01-04,68.332726,259.149994,28.76,367.607117,13.711429,1466.469971
2013-01-07,67.930763,268.459991,29.42,366.003143,14.171429,1461.890015
2013-01-08,68.113594,266.380005,29.059999,365.280823,13.88,1457.150024
2013-01-09,67.049049,266.350006,30.59,367.681824,13.701428,1461.02002
2013-01-10,67.880211,265.339996,31.299999,369.35556,14,1472.119995
2013-01-11,67.463989,267.940002,31.719999,368.613342,14.47,1472.050049
2013-01-14,65.058731,272.730011,30.950001,360.274597,14.778571,1470.680054
2013-01-15,63.006161,271.899994,30.1,361.111481,14.527143,1472.339966
2013-01-16,65.621475,268.929993,29.85,356.259644,13.925714,1472.630005
2013-01-17,65.179306,270.480011,30.139999,354.331879,13.957143,1480.939941
2013-01-18,64.831818,272.119995,29.66,350.939606,14.167143,1485.97998
2013-01-22,65.450302,270.190002,30.73,350.12265,13.972857,1492.560059
2013-01-23,66.648407,268.109985,30.82,369.36554,14.751429,1494.810059
2013-01-24,58.413467,273.459991,31.08,375.696808,20.98,1494.819946
2013-01-25,57.036427,283.98999,31.540001,375.427795,24.222857,1502.959961
2013-01-28,58.326584,276.040009,32.470001,373.963287,23.158571,1500.180054
2013-01-29,59.420944,260.350006,30.790001,375.4328,24.16,1507.839966
2013-01-30,59.234215,272.76001,31.24,375.507507,23.957144,1501.959961
2013-01-31,59.060482,265.5,30.98,376.434021,23.605715,1498.109985
2013-02-01,58.818024,265,29.73,386.351868,23.542856,1513.170044
2013-02-04,57.35281,259.980011,28.110001,378.092804,24.962856,1495.709961
2013-02-05,59.365196,266.890015,28.639999,381.440277,24.912857,1511.290039
2013-02-06,59.301662,262.220001,29.049999,383.647003,26.344286,1512.119995
2013-02-07,61.064934,260.230011,28.65,385.529938,25.994286,1509.390015
2013-02-08,61.946575,261.950012,28.549999,391.218628,25.852858,1517.930054
2013-02-11,62.592148,257.209991,28.26,389.749115,25.412857,1517.01001
2013-02-12,61.023197,258.700012,27.370001,388.892334,25.421429,1519.430054
2013-02-13,60.90712,269.470001,27.91,389.968292,26.610001,1520.329956
2013-02-14,60.852345,269.23999,28.5,392.439056,26.771429,1521.380005
2013-02-15,60.013752,265.089996,28.32,394.964569,27.072857,1519.790039
2013-02-19,59.991589,269.75,28.93,401.918518,28.064285,1530.939941
2013-02-20,58.538708,266.410004,28.459999,394.750366,26.731428,1511.949951
2013-02-21,58.174831,265.940002,27.280001,396.279633,26.735714,1502.420044
2013-02-22,58.794319,265.420013,27.129999,398.361847,25.694286,1515.599976
2013-02-25,57.749676,259.869995,27.27,393.908539,25.617144,1487.849976
2013-02-26,58.554363,259.359985,27.389999,393.589722,26.298571,1496.939941
2013-02-27,57.980515,263.25,26.870001,398.396698,26.331429,1515.98999
2013-02-28,57.567085,264.269989,27.25,399.104065,26.868572,1514.680054
2013-03-01,56.141605,265.73999,27.780001,401.589752,27.052856,1518.199951
2013-03-04,54.782627,273.109985,27.719999,409.216156,25.887142,1525.199951
2013-03-05,56.228977,275.589996,27.52,417.734222,25.961428,1539.790039
2013-03-06,55.514275,273.790009,27.450001,414.137695,26.134285,1541.459961
2013-03-07,56.155945,273.880005,28.58,414.745422,25.937143,1544.26001
2013-03-08,56.304623,274.190002,27.959999,414.207458,26.385714,1551.180054
2013-03-11,57.106697,271.23999,28.139999,415.851288,25.778572,1556.219971
2013-03-12,55.875538,274.130005,27.83,412.259735,26.015715,1552.47998
2013-03-13,55.865105,275.100006,27.08,411.114044,27.48,1554.52002
2013-03-14,56.406349,265.73999,27.040001,409.236084,26.91,1563.22998
2013-03-15,57.861835,261.820007,26.65,405.629608,26.407143,1560.699951
2013-03-18,59.434692,257.890015,26.49,402.386749,26.512857,1552.099976
2013-03-19,59.274273,256.410004,26.549999,404.145172,25.91,1548.339966
2013-03-20,58.959965,257.279999,25.860001,405.833832,26.15,1558.709961
2013-03-21,59.044731,253.389999,25.74,404.115265,25.998571,1545.800049
2013-03-22,60.241993,257.75,25.73,403.642059,25.9,1556.890015
2013-03-25,60.459785,256.019989,25.129999,403.308289,25.827143,1551.689941
2013-03-26,60.141571,260.309998,25.209999,404.693115,27.23,1563.77002
2013-03-27,58.959965,265.299988,26.09,399.831329,27.177143,1562.849976
2013-03-28,57.731411,266.48999,25.58,395.612152,27.040001,1569.189941
2013-04-01,55.938145,261.609985,25.530001,399.099091,26.061428,1562.170044
2013-04-02,56.052906,263.320007,25.42,405.001953,25.241428,1570.25
2013-04-03,56.339832,259.029999,26.25,401.594727,24.248571,1553.689941
2013-04-04,55.78294,259.079987,27.07,396.050507,23.812857,1559.97998
2013-04-05,55.193451,255.479996,27.389999,390.062958,23.522858,1553.280029
2013-04-08,55.586014,258.950012,26.85,385.978271,23.294285,1563.069946
2013-04-09,55.686432,261.140015,26.59,387.373016,24.194286,1568.609985
2013-04-10,56.82238,264.769989,27.57,393.614624,23.724285,1587.72998
2013-04-11,56.645012,269.850006,28.02,393.719238,24.715714,1593.369995
2013-04-12,56.054222,272.869995,27.4,393.549866,24.742857,1588.849976
2013-04-15,54.756546,267.720001,26.52,389.505035,25.214285,1552.359985
2013-04-16,55.589924,272.339996,26.92,395.203674,25.121429,1574.569946
2013-04-17,52.532906,267.399994,26.629999,389.818878,24.194286,1552.01001
2013-04-18,51.130882,259.420013,25.690001,381.524963,23.402857,1541.609985
2013-04-19,50.932652,260.320007,25.73,398.441528,23.338572,1555.25
2013-04-22,51.99427,263.549988,25.969999,398.561096,24.91,1562.5
2013-04-23,52.96719,268.899994,25.98,402.441559,30.998571,1578.780029
2013-04-24,52.879807,268.779999,26.110001,405.206177,30.959999,1578.790039
2013-04-25,53.260632,274.700012,26.139999,403.039307,30.535715,1585.160034
2013-04-26,54.410934,254.809998,26.85,399.213654,30.792856,1582.23999
2013-04-29,56.095947,249.740005,26.98,408.000702,30.715714,1593.609985
2013-04-30,57.747059,253.809998,27.77,410.745422,30.867144,1597.569946
2013-05-01,57.291889,248.229996,27.43,408.683167,30.415714,1582.699951
2013-05-02,58.104408,252.550003,28.969999,413.256012,30.641428,1597.589966
2013-05-03,58.686077,258.049988,28.309999,421.280945,30.492857,1614.420044
2013-05-06,60.085476,255.720001,27.57,429.166382,30.098572,1617.5
2013-05-07,59.818127,257.730011,26.889999,427.014435,29.464285,1625.959961
2013-05-08,60.49369,258.679993,27.120001,435.183838,29.801428,1632.689941
2013-05-09,59.965931,260.160004,27.040001,434.112823,30.915714,1626.670044
2013-05-10,59.46706,263.630005,26.68,438.471497,31.098572,1633.699951
2013-05-13,59.699432,264.51001,26.82,437.126556,32.76857,1633.77002
2013-05-14,58.271084,268.329987,27.07,441.893677,33.424286,1650.339966
2013-05-15,56.300522,266.559998,26.6,456.234924,34.771427,1658.780029
2013-05-16,57.05278,264.119995,26.129999,450.247375,33.861427,1650.469971
2013-05-17,56.879478,269.899994,26.25,452.892456,34.142857,1667.469971
2013-05-20,58.148987,267.630005,25.76,452.568665,34.221428,1666.290039
2013-05-21,57.719688,268.859985,25.66,451.791565,33.869999,1669.160034
2013-05-22,57.941555,262.959991,25.16,443.049347,32.651428,1655.349976
2013-05-23,58.045265,261.799988,25.059999,439.746735,32.311428,1650.51001
2013-05-24,58.440422,261.73999,24.309999,435.029388,32.677143,1649.599976
2013-05-28,57.953369,267.290009,24.1,438.989563,30.598572,1660.060059
2013-05-29,58.414173,265.529999,23.32,432.533752,30.762857,1648.359985
2013-05-30,59.284576,266.829987,24.549999,433.754181,31.808571,1654.410034
2013-05-31,59.04171,269.200012,24.35,433.983337,32.32143,1630.73999
2013-06-03,59.171677,266.880005,23.85,432.195038,31.709999,1640.420044
2013-06-04,58.986561,265.700012,23.52,427.945953,32.187141,1631.380005
2013-06-05,58.435165,267.170013,22.9,428.244843,31.922857,1608.900024
2013-06-06,57.562145,267.829987,22.969999,430.705597,31.105715,1622.560059
2013-06-07,58.001949,276.869995,23.290001,438.222443,31.459999,1643.380005
2013-06-10,57.618603,281.070007,24.33,443.447845,31.561428,1642.810059
2013-06-11,57.449242,274.779999,24.030001,438.262299,30.637142,1626.130005
2013-06-12,56.739006,271.670013,23.77,434.361908,29.662857,1612.52002
2013-06-13,57.233936,275.790009,23.73,436.862518,30.77,1636.359985
2013-06-14,56.458061,273.98999,23.629999,435.8862,30.57,1626.72998
2013-06-17,56.714069,278.059998,24.02,441.470276,32.747143,1639.040039
2013-06-18,56.683868,281.76001,24.209999,448.628418,32.689999,1651.810059
2013-06-19,55.532516,278.160004,24.309999,448.658325,33.187141,1628.930054
2013-06-20,54.72382,273.440002,23.9,440.718079,31.931429,1588.189941
2013-06-21,54.285336,273.359985,24.530001,438.82019,30.985714,1592.430054
2013-06-24,52.846478,270.609985,23.940001,433.270996,30.799999,1573.089966
2013-06-25,52.858284,272.089996,24.25,431.482697,30.414286,1588.030029
2013-06-26,52.259644,277.570007,24.16,435.193787,30.299999,1603.26001
2013-06-27,51.69643,277.549988,24.66,436.8974,30.709999,1613.199951
2013-06-28,52.057472,277.690002,24.879999,438.541229,30.155714,1606.280029
2013-07-01,53.723442,282.100006,24.809999,442.282227,32.040001,1614.959961
2013-07-02,54.940434,283.730011,24.41,439.507629,31.637142,1614.079956
2013-07-03,55.243694,284.029999,24.52,441.559937,31.558571,1615.410034
2013-07-05,54.799957,285.880005,24.370001,445.076752,32.157143,1631.890015
2013-07-08,54.488823,290.589996,24.709999,450.855072,33.299999,1640.459961
2013-07-09,55.447182,291.529999,25.48,450.92981,35.34,1652.319946
2013-07-10,55.234512,292.329987,25.799999,451.303406,34.831429,1652.619995
2013-07-11,56.095722,299.660004,25.809999,458.401794,34.881428,1675.02002
2013-07-12,55.993324,307.549988,25.91,459.776642,36.751427,1680.189941
2013-07-15,56.115402,306.570007,26.280001,460.6185,36.854286,1682.5
2013-07-16,56.477757,306.869995,26.32,458.087982,37.21143,1676.26001
2013-07-17,56.492199,308.690002,26.65,457.559967,38.274284,1680.910034
2013-07-18,56.682552,304.109985,26.18,453.639648,38.058571,1689.369995
2013-07-19,55.788513,305.230011,25.879999,446.625946,37.797142,1692.089966
2013-07-22,55.967068,303.480011,26.049999,453.649597,37.422855,1695.530029
2013-07-23,55.006069,301.059998,26.129999,450.212494,35.751427,1692.390015
2013-07-24,57.831276,298.940002,26.51,449.76416,34.471428,1685.939941
2013-07-25,57.567394,303.399994,34.360001,442.192566,35.248573,1690.25
2013-07-26,57.894299,312.01001,34.009998,441.021942,35.187141,1691.650024
2013-07-29,58.787022,306.100006,35.43,439.487701,34.994286,1685.329956
2013-07-30,59.513016,302.410004,37.630001,443.796539,34.822857,1685.959961
2013-07-31,59.409294,301.220001,36.799999,442.217468,34.925713,1685.72998
2013-08-01,59.954109,305.570007,37.490002,450.421722,35.58857,1706.869995
2013-08-02,60.723431,304.209991,38.049999,451.592316,35.168571,1709.670044
2013-08-05,61.630589,300.98999,39.189999,450.810242,36.262856,1707.140015
2013-08-06,61.079197,300.75,38.549999,446.610992,36.557144,1697.369995
2013-08-07,61.043766,296.910004,38.869999,443.662048,35.601429,1690.910034
2013-08-08,60.922184,295.73999,38.540001,444.6633,35.771427,1697.47998
2013-08-09,60.055271,297.26001,38.5,443.54248,36.107143,1691.420044
2013-08-12,61.761326,296.690002,38.220001,441.101654,36.657143,1689.469971
2013-08-13,64.696358,293.970001,37.02,438.979584,37.027142,1694.160034
2013-08-14,65.876465,291.339996,36.650002,433.280945,37.401428,1685.390015
2013-08-15,65.798477,286.470001,36.560001,428.224915,36.201427,1661.319946
2013-08-16,66.382607,284.820007,37.080002,426.855042,36.98143,1655.829956
2013-08-19,67.097527,285.570007,37.810001,431.20871,37.111427,1646.060059
2013-08-20,66.216072,287.089996,38.41,431.094147,39.041428,1652.349976
2013-08-21,66.386559,284.570007,38.32,433.04184,38.624287,1642.800049
2013-08-22,66.465851,289.730011,38.549999,435.223663,38.535713,1656.959961
2013-08-23,66.209473,290.01001,40.549999,433.480225,39.765713,1663.5
2013-08-26,66.467178,286.209991,41.34,431.577332,40.388573,1656.780029
2013-08-27,64.566856,280.929993,39.639999,423.487671,39.434284,1630.47998
2013-08-28,64.872116,281.579987,40.549999,422.690643,40.48,1634.959961
2013-08-29,64.977844,283.980011,41.279999,426.117798,41.121429,1638.170044
2013-08-30,64.385818,280.980011,41.290001,421.868744,40.558571,1632.969971
2013-09-03,64.565536,288.799988,41.869999,428.583557,41.285713,1639.77002
2013-09-04,65.901581,293.640015,41.779999,434.187561,41.775715,1653.079956
2013-09-05,65.449631,294.100006,42.66,438.137756,42.158573,1655.079956
2013-09-06,65.839439,295.859985,43.950001,438.147705,41.648571,1655.170044
2013-09-09,66.89003,299.709991,44.040001,442.366913,42.021427,1671.709961
2013-09-10,65.366356,300.359985,43.599998,442.675751,44.722858,1683.98999
2013-09-11,61.807571,299.640015,45.040001,446.421692,44.042858,1689.130005
2013-09-12,62.465687,298.859985,44.75,444.862549,43.058571,1683.420044
2013-09-13,61.436237,297.920013,44.310001,442.875,43.664288,1687.98999
2013-09-16,59.48307,296.059998,42.509998,442.222443,43.165714,1697.599976
2013-09-17,60.170254,304.170013,45.07,441.400513,42.792858,1704.76001
2013-09-18,61.407166,312.029999,45.23,449.973389,43.845715,1725.52002
2013-09-19,62.414135,312.059998,45.98,447.517609,43.642857,1722.339966
2013-09-20,61.767937,316.339996,47.490002,449.868774,44.832859,1709.910034
2013-09-23,64.837769,311.48999,47.189999,441.594788,43.148571,1701.839966
2013-09-24,64.634262,314.130005,48.450001,441.76416,43.784286,1697.420044
2013-09-25,63.633884,312.649994,49.459999,436.977112,43.877144,1692.77002
2013-09-26,64.253662,318.119995,50.389999,437.445343,44.787144,1698.670044
2013-09-27,63.795109,316.01001,51.240002,436.558685,44.628571,1691.75
2013-09-30,63.002205,312.640015,50.23,436.31958,44.172855,1681.550049
2013-10-01,64.483612,320.950012,50.419998,441.843872,46.374287,1695
2013-10-02,64.69503,320.51001,50.279999,442.337006,47.247143,1693.869995
2013-10-03,63.88232,314.76001,49.18,436.409241,45.959999,1678.660034
2013-10-04,63.832119,319.040009,51.040001,434.546204,46.751427,1690.5
2013-10-07,64.455856,310.029999,50.52,431.253571,45.451427,1676.119995
2013-10-08,63.555908,303.230011,47.139999,425.241089,43.188572,1655.449951
2013-10-09,64.302559,298.230011,46.77,426.332001,41.204285,1656.400024
2013-10-10,64.705612,305.170013,49.049999,432.498901,43.427143,1692.560059
2013-10-11,65.124519,310.890015,49.110001,434.366882,42.978573,1703.199951
2013-10-14,65.551369,310.700012,49.509998,436.419189,46.337143,1710.140015
2013-10-15,65.900238,306.399994,49.5,439.358185,45.955715,1698.060059
2013-10-16,66.221367,310.48999,51.139999,447.338257,46.125713,1721.540039
2013-10-17,66.669342,310.769989,52.209999,442.735504,47.157143,1733.150024
2013-10-18,67.249496,328.929993,54.220001,503.816559,47.642857,1744.5
2013-10-21,68.897377,326.440002,53.849998,499.776703,50.712856,1744.660034
2013-10-22,68.700493,332.540009,52.68,501.619812,46.074287,1754.670044
2013-10-23,69.373138,326.76001,51.900002,513.779236,47.177143,1746.380005
2013-10-24,70.291588,332.209991,52.450001,510.860168,47.317142,1752.069946
2013-10-25,69.50528,363.390015,51.950001,505.704498,46.861427,1759.77002
2013-10-28,70.0233,358.160004,50.23,505.604858,44.857143,1762.109985
2013-10-29,68.278938,362.700012,49.400002,516.185181,46.757141,1771.949951
2013-10-30,69.365204,361.079987,49.009998,513.286072,45.44857,1763.310059
2013-10-31,69.074471,364.029999,50.209999,513.365784,46.068573,1756.540039
2013-11-01,68.721642,359,49.75,511.602386,47.03857,1761.640015
2013-11-04,69.609665,358.73999,48.220001,511.13913,48.228573,1767.930054
2013-11-05,69.437889,358.890015,50.110001,508.852692,48.785713,1762.969971
2013-11-06,69.241165,356.179993,49.119999,509.465393,47.947144,1770.48999
2013-11-07,68.120621,343.559998,47.560001,502.093018,46.694286,1747.150024
2013-11-08,69.193314,350.309998,47.529999,506.11795,47.842857,1770.609985
2013-11-11,68.992599,354.380005,46.200001,503.408112,48.272858,1771.890015
2013-11-12,69.120201,349.529999,46.610001,504.000885,47.675713,1767.689941
2013-11-13,69.202599,356.220001,48.709999,514.307251,47.897144,1782
2013-11-14,70.203514,367.399994,48.990002,515.682068,48.938572,1790.619995
2013-11-15,69.782166,369.170013,49.009998,514.85022,49.965714,1798.180054
2013-11-18,68.936768,366.179993,45.830002,513.848938,48.824287,1791.530029
2013-11-19,69.059044,364.940002,46.360001,510.685822,48.184284,1787.869995
2013-11-20,68.454254,362.570007,46.43,509.246216,48.502857,1781.369995
2013-11-21,69.270386,368.920013,46.700001,515.104248,49.785713,1795.849976
2013-11-22,69.092285,372.309998,46.23,514.018311,49.692856,1804.76001
2013-11-25,69.61599,376.640015,44.82,521.012146,50.034286,1802.47998
2013-11-26,70.900009,381.369995,45.889999,527.228821,50.742859,1802.75
2013-11-27,72.569504,386.709991,46.490002,529.570068,51.784286,1807.22998
2013-11-29,73.91333,393.619995,47.009998,527.816589,52.257141,1805.810059
2013-12-02,73.269989,392.299988,47.060001,525.271179,51.988571,1800.900024
2013-12-03,75.275764,384.660004,46.73,524.663452,51.848572,1795.150024
2013-12-04,75.100319,385.959991,48.619999,527.114258,50.895714,1792.810059
2013-12-05,75.485786,384.48999,48.34,526.695801,51.151428,1785.030029
2013-12-06,74.438362,386.950012,47.939999,532.937439,50.634285,1805.089966
2013-12-09,75.29039,384.890015,48.84,537.057007,50.810001,1808.369995
2013-12-10,75.173416,387.779999,50.25,540.30481,51.871429,1802.619995
2013-12-11,74.616478,382.190002,49.380001,536.633545,51.997143,1782.219971
2013-12-12,74.507477,381.25,51.830002,532.982239,53.332859,1775.5
2013-12-13,73.695343,384.23999,53.32,528.414368,52.709999,1775.319946
2013-12-16,74.103409,388.970001,53.810001,534.486633,52.330002,1786.540039
2013-12-17,73.769768,387.649994,54.860001,532.932434,53.552856,1781
2013-12-18,73.208862,395.959991,55.57,540.349609,53.748573,1810.650024
2013-12-19,72.370117,395.190002,55.049999,541.081909,53.82,1809.599976
2013-12-20,72.976242,402.200012,55.119999,548.255005,53.667141,1818.319946
2013-12-23,75.776878,402.920013,57.77,555.467957,54.368572,1827.98999
2013-12-24,75.455193,399.200012,57.959999,553.844055,54.055714,1833.319946
2013-12-26,74.954094,404.390015,57.73,556.643555,53.847141,1842.02002
2013-12-27,74.44767,398.079987,55.439999,557.111816,52.5,1841.400024
2013-12-30,73.707298,393.369995,53.709999,552.658508,52.427143,1841.069946
2013-12-31,74.571281,398.790009,54.650002,558.262512,52.595715,1848.359985
2014-01-02,73.52253,397.970001,54.709999,554.481689,51.831429,1831.97998
2014-01-03,71.907555,396.440002,54.560001,550.436829,51.871429,1831.369995
2014-01-06,72.299644,393.630005,57.200001,556.573853,51.367142,1826.77002
2014-01-07,71.782608,398.029999,57.919998,567.303589,48.5,1837.880005
2014-01-08,72.23719,401.920013,58.23,568.484192,48.712856,1837.48999
2014-01-09,71.314728,401.01001,57.220001,563.009705,48.150002,1838.130005
2014-01-10,70.838882,397.660004,57.939999,562.979797,47.44857,1842.369995
2014-01-13,71.209717,390.980011,55.91,559.39325,48.115715,1819.199951
2014-01-14,72.626656,397.540009,57.740002,572.553955,48.279999,1838.880005
2014-01-15,74.084801,395.869995,57.599998,572.165405,47.197144,1848.380005
2014-01-16,73.671394,395.799988,57.189999,575.951172,47.382858,1845.890015
2014-01-17,71.866348,399.609985,56.299999,573.116821,47.148571,1838.699951
2014-01-21,72.982872,407.049988,58.509998,579.677246,46.958572,1843.800049
2014-01-22,73.307205,404.540009,57.509998,580.334778,47.675713,1844.859985
2014-01-23,73.927948,399.869995,56.630001,577.883972,55.531429,1828.459961
2014-01-24,72.584122,387.600006,54.450001,559.81665,55.154285,1790.290039
2014-01-27,73.172943,386.279999,53.549999,548.558838,54.46143,1781.560059
2014-01-28,67.324432,394.429993,55.139999,559.408203,58.110001,1792.5
2014-01-29,66.560143,384.200012,53.529999,551.39325,57.202858,1774.199951
2014-01-30,66.431213,403.01001,61.080002,565.575073,57.810001,1794.189941
2014-01-31,66.540199,358.690002,62.57,588.279968,58.475716,1782.589966
2014-02-03,66.663811,346.149994,61.48,564.598755,57.76857,1741.890015
2014-02-04,67.62883,347.950012,62.75,566.954895,57.987144,1755.199951
2014-02-05,68.133934,346.450012,62.189999,569.465515,57.774284,1751.640015
2014-02-06,68.531052,354.589996,62.16,577.814209,58.272858,1773.430054
2014-02-07,69.489799,361.079987,64.32,586.521545,61.425713,1797.02002
2014-02-10,70.734695,360.869995,63.549999,584.274963,61.491428,1799.839966
2014-02-11,71.666718,361.790009,64.849998,592.867798,61.998573,1819.75
2014-02-12,71.661362,349.25,64.449997,591.129272,61.275715,1819.26001
2014-02-13,72.799271,357.200012,67.330002,597.709656,62.364285,1829.829956
2014-02-14,72.740463,357.350006,67.089996,599.154236,62.215714,1838.630005
2014-02-18,73.007904,353.649994,67.300003,603.179138,62.407143,1840.76001
2014-02-19,71.855263,347.380005,68.059998,598.92511,61.175713,1828.75
2014-02-20,71.023521,349.799988,69.629997,599.806763,62.135715,1839.780029
2014-02-21,70.234596,346.76001,68.589996,599.6474,61.747143,1836.25
2014-02-24,70.542152,351.779999,70.779999,603.991089,63.857143,1847.609985
2014-02-25,69.808067,358.320007,69.849998,607.722107,64.718575,1845.119995
2014-02-26,69.178246,359.799988,69.260002,607.806763,64.112854,1845.160034
2014-02-27,70.558205,360.130005,68.940002,607.328613,64.604286,1854.290039
2014-02-28,70.366982,362.100006,68.459999,605.555237,63.66143,1859.449951
2014-03-03,70.570236,359.779999,67.410004,599.099426,63.655716,1845.72998
2014-03-04,71.035568,363.899994,68.800003,605.186584,64.997147,1873.910034
2014-03-05,71.185341,372.369995,71.57,606.855347,64.785713,1873.810059
2014-03-06,70.970055,372.160004,70.839996,607.527832,64.358574,1877.030029
2014-03-07,70.928604,372.059998,69.800003,605.126831,64.052856,1878.040039
2014-03-10,70.992775,370.529999,72.029999,603.522827,62.849998,1877.170044
2014-03-11,71.684082,368.820007,70.099998,597.754456,62.497143,1867.630005
2014-03-12,71.753624,370.640015,70.879997,601.395813,62.368572,1868.199951
2014-03-13,70.956673,371.51001,68.830002,592.309875,61.437141,1846.339966
2014-03-14,70.159729,373.73999,67.720001,584.210266,60.64143,1841.130005
2014-03-17,70.433861,375.040009,68.739998,593.824219,60.388573,1858.829956
2014-03-18,71.056946,378.769989,69.190002,603.368408,60.035713,1872.25
2014-03-19,71.038239,373.230011,68.239998,597.385864,60.012856,1860.77002
2014-03-20,70.695923,368.970001,66.970001,596.344727,60.610001,1872.01001
2014-03-21,71.253517,360.619995,67.239998,589.311096,57.998573,1866.52002
2014-03-24,72.098618,351.850006,64.099998,576.802979,54.128571,1857.439941
2014-03-25,72.874161,354.709991,64.889999,577.196533,52.977142,1865.619995
2014-03-26,72.177513,343.410004,60.389999,563.87146,53.182858,1852.560059
2014-03-27,71.867294,338.470001,60.970001,556.930969,52.025715,1849.040039
2014-03-28,71.787056,338.290009,60.009998,558.456787,51.267143,1857.619995
2014-03-31,71.770996,336.369995,60.240002,555.445007,50.290001,1872.339966
2014-04-01,72.427544,342.98999,62.619999,565.607117,52.098572,1885.52002
2014-04-02,72.547905,341.959991,62.720001,565.447571,51.84,1890.900024
2014-04-03,72.045128,333.619995,59.490002,568.180054,50.669998,1888.77002
2014-04-04,71.113136,323,56.75,541.652893,48.187141,1865.089966
2014-04-07,69.996613,317.76001,56.950001,536.676575,48.285713,1845.040039
2014-04-08,69.992584,327.070007,58.189999,553.380676,49.841427,1851.959961
2014-04-09,70.91256,331.809998,62.41,562.595398,50.432858,1872.180054
2014-04-10,69.99794,317.109985,59.16,539.468872,47.818573,1833.079956
2014-04-11,69.480453,311.730011,58.529999,529.147217,46.672855,1815.689941
2014-04-14,69.75724,315.910004,58.889999,531.061951,47.368572,1830.609985
2014-04-15,69.259811,316.079987,59.09,534.971252,46.610001,1842.97998
2014-04-16,69.400215,323.679993,59.720001,555.016174,47.344284,1862.310059
2014-04-17,70.193161,324.910004,58.939999,534.632141,49.39143,1864.849976
2014-04-21,71.026222,330.869995,61.240002,527.172668,49.784286,1871.890015
2014-04-22,71.097084,329.320007,63.029999,533.345703,53.271427,1879.550049
2014-04-23,70.167747,324.579987,61.360001,525.497253,50.5,1875.390015
2014-04-24,75.920242,337.149994,60.869999,523.722107,49.152859,1878.609985
2014-04-25,76.477829,303.829987,57.709999,514.766724,46.011429,1863.400024
2014-04-28,79.439636,296.579987,56.139999,515.73407,44.887142,1869.430054
2014-04-29,79.204292,300.380005,58.150002,526.255188,45.695713,1878.329956
2014-04-30,78.904778,304.130005,59.779999,525.218018,46.005714,1883.949951
2014-05-01,79.09066,307.890015,61.150002,529.895203,48.074287,1883.680054
2014-05-02,79.23774,308.01001,60.459999,526.484558,48.664288,1881.140015
2014-05-05,80.358292,310.049988,61.220001,526.364868,49.197144,1884.660034
2014-05-06,79.482452,297.380005,58.529999,513.729553,46.598572,1867.719971
2014-05-07,79.204292,292.709991,57.389999,508.563751,45.791428,1878.209961
2014-05-08,79.063126,288.320007,56.759998,509.600891,45.951427,1875.630005
2014-05-09,78.733696,292.23999,57.240002,517.309753,46.935715,1878.47998
2014-05-12,79.713921,302.859985,59.830002,528.469116,49.349998,1896.650024
2014-05-13,79.838974,304.640015,59.830002,531.630432,49.591427,1897.449951
2014-05-14,79.85376,297.619995,59.23,525.208069,50.26857,1888.530029
2014-05-15,79.174721,295.190002,57.919998,518.556274,49.169998,1870.849976
2014-05-16,80.343224,297.700012,58.02,519.204529,49.982857,1877.859985
2014-05-19,81.295219,296.76001,59.209999,527.411987,52.07143,1885.079956
2014-05-20,81.311363,301.190002,58.560001,528.319519,53.095715,1872.829956
2014-05-21,81.526489,305.01001,60.490002,537.464417,55.799999,1888.030029
2014-05-22,81.655579,304.910004,60.52,543.567627,55.971428,1892.48999
2014-05-23,82.578003,312.23999,61.349998,551.186707,57.478573,1900.530029
2014-05-27,84.124321,310.820007,63.48,564.400452,56.972858,1911.910034
2014-05-28,83.906494,310.160004,63.509998,560.142151,57.32,1909.780029
2014-05-29,85.435349,313.779999,63.830002,558.546509,59.314285,1920.030029
2014-05-30,85.115334,312.549988,63.299999,558.357056,59.689999,1923.569946
2014-06-02,84.530403,308.839996,63.080002,552.41333,60.294285,1924.969971
2014-06-03,85.725792,307.190002,62.869999,543.447937,59.652859,1924.23999
2014-06-04,86.704674,306.779999,63.34,543.168701,60.458572,1927.880005
2014-06-05,87.044861,323.570007,63.189999,552.383423,61.192856,1940.459961
2014-06-06,86.805527,329.670013,62.5,554.806763,61.447144,1949.439941
2014-06-09,88.194534,327.5,62.880001,560.580933,60.441429,1951.27002
2014-06-10,88.712196,332.410004,65.769997,559.015198,61.184284,1950.790039
2014-06-11,88.345131,335.200012,65.779999,557.309875,61.42857,1943.890015
2014-06-12,86.867378,325.910004,64.290001,549.840393,60.349998,1930.109985
2014-06-13,85.91671,326.269989,64.5,550.249268,61.101429,1936.160034
2014-06-16,86.782669,327.619995,64.190002,542.789795,61.465714,1937.780029
2014-06-17,86.669724,325.619995,64.400002,541.523254,63.378571,1941.98999
2014-06-18,86.76384,334.380005,65.599998,551.854858,64.097145,1956.97998
2014-06-19,86.462639,327,64.339996,553.380676,63.055714,1959.47998
2014-06-20,85.568466,324.200012,64.5,554.83667,62.882858,1962.869995
2014-06-23,85.493149,327.23999,65.370003,563.403198,62.78857,1962.609985
2014-06-24,84.975479,324.160004,65.720001,563.074097,62.337143,1949.97998
2014-06-25,85.050781,327.440002,67.440002,577.065674,63.458572,1959.530029
2014-06-26,85.559052,325.690002,67.129997,574.422913,62.80143,1957.219971
2014-06-27,86.5756,324.570007,67.599998,575.659546,63.154285,1960.959961
2014-06-30,87.46978,324.779999,67.290001,573.704895,62.942856,1960.22998
2014-07-01,88.025101,332.390015,68.059998,581.074646,67.585716,1973.319946
2014-07-02,87.987465,332.850006,66.449997,580.740601,66.677139,1974.619995
2014-07-03,88.505142,337.48999,66.290001,583.129028,67.478569,1985.439941
2014-07-07,90.331161,333.549988,65.290001,580.655823,65.802856,1977.650024
2014-07-08,89.747581,323.809998,62.759998,569.526367,63.578571,1963.709961
2014-07-09,89.785233,329.970001,64.970001,574.502686,63.285713,1972.829956
2014-07-10,89.455788,327.920013,64.870003,569.536316,62.650002,1964.680054
2014-07-11,89.625221,346.200012,66.339996,577.594238,62.851429,1967.569946
2014-07-14,90.782951,355.320007,67.900002,583.268616,64.654289,1977.099976
2014-07-15,89.719353,354.440002,67.169998,583.178894,64.155716,1973.280029
2014-07-16,89.211075,355.899994,67.660004,581.064697,63.491428,1981.569946
2014-07-17,87.620369,352.450012,66.410004,572.159119,62.765713,1958.119995
2014-07-18,88.881645,358.660004,68.419998,593.450684,63.452858,1978.219971
2014-07-21,88.420441,359.76001,69.400002,587.856018,64.564285,1973.630005
2014-07-22,89.15461,360.839996,69.269997,593.111633,61.584286,1983.530029
2014-07-23,91.479477,358.140015,71.290001,594.348206,61.128571,1987.01001
2014-07-24,91.328888,358.609985,74.980003,591.725403,60.76857,1987.97998
2014-07-25,91.931259,324.01001,75.190002,587.407288,60.265713,1978.339966
2014-07-28,93.201942,320.410004,74.919998,588.982971,60.665714,1978.910034
2014-07-29,92.599541,320,73.709999,584.006592,60.611427,1969.949951
2014-07-30,92.383072,322.51001,74.68,585.811646,62.05143,1970.069946
2014-07-31,89.982887,312.98999,72.650002,570.034973,60.388573,1930.670044
2014-08-01,90.481758,307.059998,72.360001,564.520081,60.771427,1925.150024
2014-08-04,89.973488,313.649994,73.510002,571.58075,60.385715,1938.98999
2014-08-05,89.531097,312.320007,72.690002,563.522827,60.407143,1920.209961
2014-08-06,89.380486,313.890015,72.470001,564.823303,61.471428,1920.23999
2014-08-07,89.37104,311.450012,73.169998,561.817505,64.238571,1909.569946
2014-08-08,89.616989,316.799988,73.059998,567.212708,63.692856,1931.589966
2014-08-11,90.79937,318.329987,73.440002,566.325134,64.505714,1936.920044
2014-08-12,90.780479,319.320007,72.830002,561.18927,63.772858,1933.75
2014-08-13,91.981789,326.279999,73.769997,573.206238,64.504288,1946.719971
2014-08-14,92.227737,333.209991,74.300003,573.076599,64.410004,1955.180054
2014-08-15,92.68177,333.630005,73.629997,571.909851,65.584282,1955.060059
2014-08-18,93.797981,334.529999,74.589996,580.56604,66.571426,1971.73999
2014-08-19,95.093887,335.130005,75.290001,585.253174,66.878571,1981.599976
2014-08-20,95.131729,335.779999,74.809998,582.889648,67.455711,1986.51001
2014-08-21,95.141182,332.910004,74.57,581.772766,67.435715,1992.369995
2014-08-22,95.841164,331.589996,74.57,580.964966,68.455711,1988.400024
2014-08-25,96.049286,334.019989,75.019997,578.61145,68.704285,1997.920044
2014-08-26,95.434425,341.829987,75.959999,576.277832,68.480003,2000.02002
2014-08-27,96.607376,343.179993,74.629997,569.436584,67.814285,2000.119995
2014-08-28,96.720871,340.019989,73.860001,567.641541,67.887146,1996.73999
2014-08-29,96.957352,339.040009,74.82,570.034973,68.234283,2003.369995
2014-09-02,97.714119,342.380005,76.68,575.749268,68.085716,2002.280029
2014-09-03,93.589867,339,75.830002,576.357605,68.19857,2000.719971
2014-09-04,92.814201,345.950012,75.949997,580.386536,67.524284,1997.650024
2014-09-05,93.61824,346.380005,77.260002,584.475342,67.954285,2007.709961
2014-09-08,93.041229,342.339996,77.889999,588.105347,68.475716,2001.540039
2014-09-09,92.691246,329.75,76.669998,579.419189,68.43,1988.439941
2014-09-10,95.538475,331.329987,77.43,581.503479,69.19857,1995.689941
2014-09-11,95.945229,330.519989,77.919998,579.758301,68.794289,1997.449951
2014-09-12,96.162788,331.190002,77.480003,574.043945,68.078575,1985.540039
2014-09-15,96.134392,323.890015,74.580002,571.530884,65.39286,1984.130005
2014-09-16,95.406036,327.76001,76.080002,578.362122,65.272858,1998.97998
2014-09-17,96.087105,324,76.43,583.168884,64.932854,2001.569946
2014-09-18,96.285759,325,77,587.656616,65.572861,2011.359985
2014-09-19,95.500633,331.320007,77.910004,594.447937,65.360001,2010.400024
2014-09-22,95.59523,324.5,76.800003,585.76178,63.254284,1994.290039
2014-09-23,97.089775,323.630005,78.290001,579.538879,63.414288,1982.77002
2014-09-24,96.247917,328.209991,78.540001,586.380066,64.365715,1998.300049
2014-09-25,92.577736,321.929993,77.220001,573.485474,63.355713,1965.98999
2014-09-26,95.301994,323.209991,78.790001,575.519897,64.10714,1982.849976
2014-09-29,94.696594,321.820007,79,574.781921,64.222855,1977.800049
2014-09-30,95.301994,322.440002,79.040001,575.779175,64.454285,1972.290039
2014-10-01,93.816879,317.459991,76.550003,566.714111,62.685715,1946.160034
2014-10-02,94.497955,318.410004,77.080002,568.519104,64.28286,1946.170044
2014-10-03,94.233101,322.73999,77.440002,573.704895,65.648575,1967.900024
2014-10-06,94.233101,322.200012,77.559998,575.769226,66.211426,1964.819946
2014-10-07,93.410141,316.980011,76.290001,562.196472,65.178574,1935.099976
2014-10-08,95.349274,322.700012,77.519997,570.932495,66.694283,1968.890015
2014-10-09,95.557373,315.369995,75.910004,559.344299,65.945717,1928.209961
2014-10-10,95.283066,311.390015,72.910004,542.999207,64.582855,1906.130005
2014-10-13,94.412827,306.450012,72.989998,531.750061,62.654285,1874.73999
2014-10-14,93.410141,308.309998,73.589996,536.467102,64.160004,1877.699951
2014-10-15,92.265572,305.970001,73.209999,528.578796,64.084282,1862.48999
2014-10-16,91.054794,302.859985,72.629997,523.073914,51.671429,1862.76001
2014-10-17,92.388535,303.640015,75.949997,509.770416,51.012856,1886.76001
2014-10-20,94.365532,306.209991,76.949997,519.41394,51.317142,1904.01001
2014-10-21,96.92897,315.329987,78.690002,525.098328,52.284286,1941.280029
2014-10-22,97.420868,312.970001,78.370003,531.251465,53.521427,1927.109985
2014-10-23,99.161377,313.179993,80.040001,542.490601,54.720001,1950.819946
2014-10-24,99.530258,287.059998,80.669998,538.302063,55.002857,1964.579956
2014-10-27,99.426224,289.970001,80.279999,539.289368,54.200001,1961.630005
2014-10-28,100.968079,295.589996,80.769997,547.397095,55.174286,1985.050049
2014-10-29,101.535629,294.119995,75.860001,547.825928,54.014286,1982.300049
2014-10-30,101.195114,299.070007,74.110001,548.803284,54.144287,1994.650024
2014-10-31,102.15995,305.459991,74.989998,557.549255,56.110001,2018.050049
2014-11-03,103.484245,305.720001,73.879997,553.699829,55.487144,2017.810059
2014-11-04,102.727509,302.809998,75.760002,552.592834,54.682858,2012.099976
2014-11-05,102.97345,296.519989,74.830002,544.425293,54.34,2023.569946
2014-11-06,103.267952,296.640015,75.260002,540.555908,54.757141,2031.209961
2014-11-07,103.562462,299.859985,75.599998,539.528748,54.880001,2031.920044
2014-11-10,103.391457,305.109985,75,545.990967,55.324287,2038.26001
2014-11-11,104.217972,312.01001,74.610001,548.783325,54.650002,2039.680054
2014-11-12,105.690521,311.51001,74.720001,545.811462,54.837143,2038.25
2014-11-13,107.182076,316.480011,74.25,543.88678,54.201427,2039.329956
2014-11-14,108.474121,327.820007,74.879997,542.909424,55.148571,2039.819946
2014-11-17,108.293594,323.049988,74.239998,535.041016,54.44857,2041.319946
2014-11-18,109.699631,324.929993,74.339996,533.565125,54.432858,2051.800049
2014-11-19,108.939629,326.540009,73.330002,535.519714,51.871429,2048.719971
2014-11-20,110.497665,330.540009,73.599998,533.365662,52.591427,2052.75
2014-11-21,110.649666,332.630005,73.75,536.02832,51.468571,2063.5
2014-11-24,112.701721,335.640015,74.010002,537.793518,50.924286,2069.409912
2014-11-25,111.72319,335.040009,75.629997,539.598511,49.855713,2067.030029
2014-11-26,113.053238,333.570007,77.620003,538.890503,50.165714,2072.830078
2014-11-28,112.986725,338.640015,77.699997,540.346497,49.512856,2067.560059
2014-12-01,109.319611,326,75.099998,532.33844,48.830002,2053.439941
2014-12-02,108.901619,326.309998,75.459999,532.288574,50.330002,2066.550049
2014-12-03,110.136658,316.5,74.879997,529.865234,50.73143,2074.330078
2014-12-04,109.718643,316.929993,75.239998,535.838867,50.085712,2071.919922
2014-12-05,109.253128,312.630005,76.360001,523.821838,50.131428,2075.370117
2014-12-08,106.783058,306.640015,76.519997,525.537109,48.497143,2060.310059
2014-12-09,108.417107,312.5,76.839996,531.909668,49.111427,2059.820068
2014-12-10,106.355537,305.839996,76.18,524.619629,47.759998,2026.140015
2014-12-11,106.042046,307.359985,77.730003,526.893433,47.804287,2035.329956
2014-12-12,104.24649,307.320007,77.830002,517.239929,47.782856,2002.329956
2014-12-15,102.821449,306.070007,76.989998,512.39325,46.720001,1989.630005
2014-12-16,101.415398,295.059998,74.690002,494.03363,45.205715,1972.73999
2014-12-17,103.942474,298.880005,76.110001,503.507629,47.664288,2012.890015
2014-12-18,107.020561,297.730011,78.400002,509.700623,47.774284,2061.22998
2014-12-19,106.194031,299.899994,79.879997,514.936218,48.58857,2070.649902
2014-12-22,107.296066,306.540009,81.449997,523.432922,48.097141,2078.540039
2014-12-23,106.916069,306.290009,80.610001,529.137268,48.061428,2082.169922
2014-12-24,106.412552,303.029999,80.769997,527.322266,48.871429,2081.879883
2014-12-26,108.293594,309.089996,80.779999,532.56781,48.578571,2088.77002
2014-12-29,108.217598,312.040009,80.019997,528.877991,48.847141,2090.570068
2014-12-30,106.897041,310.299988,79.220001,528.967712,49.032856,2080.350098
2014-12-31,104.863991,310.350006,78.019997,524.95874,48.80143,2058.899902
2015-01-02,103.86647,308.519989,78.449997,523.373108,49.848572,2058.199951
2015-01-05,100.940392,302.190002,77.190002,512.463013,47.311428,2020.579956
2015-01-06,100.94989,295.290009,76.150002,500.585632,46.501427,2002.609985
2015-01-07,102.36544,298.420013,76.150002,499.727997,46.742859,2025.900024
2015-01-08,106.298531,300.459991,78.18,501.30368,47.779999,2062.139893
2015-01-09,106.412552,296.929993,77.739998,494.811493,47.041428,2044.810059
2015-01-12,103.790474,291.410004,76.720001,491.201416,45.547142,2028.26001
2015-01-13,104.711998,294.73999,76.449997,494.821472,46.255714,2023.030029
2015-01-14,104.312988,293.269989,76.279999,499.498627,46.32,2011.27002
2015-01-15,101.481903,286.950012,74.050003,500.416107,46.251427,1992.670044
2015-01-16,100.693382,290.73999,75.18,506.688873,48.191429,2019.420044
2015-01-20,103.286957,289.440002,76.239998,505.512115,49.828571,2022.550049
2015-01-21,104.075485,297.25,76.739998,516.621643,58.468571,2032.119995
2015-01-22,106.783058,310.320007,77.650002,532.926819,61.205715,2063.149902
2015-01-23,107.334084,312.390015,77.830002,538.471619,62.494286,2051.820068
2015-01-26,107.448074,309.660004,77.5,533.744629,63.794285,2057.090088
2015-01-27,103.685966,306.75,75.779999,517.210022,64.881432,2029.550049
2015-01-28,109.547638,303.910004,76.239998,508.603638,63.208572,2002.160034
2015-01-29,112.958244,311.779999,78,509.26181,63.400002,2021.25
2015-01-30,111.305183,354.529999,75.910004,533.056519,63.114285,1994.98999
2015-02-02,112.701721,364.470001,74.989998,527.03302,63.009998,2020.849976
2015-02-03,112.720718,363.549988,75.400002,527.790955,65.274284,2050.030029
2015-02-04,113.585258,364.75,75.629997,521.328674,64.101425,2041.51001
2015-02-05,114.395966,373.890015,75.610001,526.135498,64.129997,2062.52002
2015-02-06,113.43264,374.279999,74.470001,529.546143,63.48,2055.469971
2015-02-09,114.186127,370.559998,74.440002,526.384827,63.295715,2046.73999
2015-02-10,116.379814,373,75.190002,535.469849,64.849998,2068.590088
2015-02-11,119.107613,375.140015,76.510002,534.502502,64.984283,2068.530029
2015-02-12,120.614594,377.170013,76.230003,541.443481,65.247147,2088.47998
2015-02-13,121.205933,381.829987,75.739998,547.506836,66.585716,2096.98999
2015-02-17,121.921249,375.429993,75.599998,541.353699,67.137146,2100.340088
2015-02-18,122.770134,373.369995,76.709999,538.22229,67.865715,2099.679932
2015-02-19,122.512596,379,79.419998,541.383606,67.800003,2097.449951
2015-02-20,123.514084,383.660004,79.900002,537.474365,68.314285,2110.300049
2015-02-23,126.85228,380.140015,78.839996,530.453613,67.405716,2109.659912
2015-02-24,126.060654,378.589996,78.449997,534.622192,67.839996,2115.47998
2015-02-25,122.836899,385.369995,79.559998,542.38092,68.332855,2113.860107
2015-02-26,124.391541,384.799988,80.410004,553.959106,69.004288,2110.73999
2015-02-27,122.522156,380.160004,78.970001,556.871094,67.844284,2104.5
2015-03-02,123.123016,385.660004,79.75,569.775696,68.60714,2117.389893
2015-03-03,123.380539,384.609985,79.599998,572.069397,67.815712,2107.780029
2015-03-04,122.598434,382.720001,80.900002,571.80011,67.110001,2098.530029
2015-03-05,120.56691,387.829987,81.209999,573.754761,66.807144,2101.040039
2015-03-06,120.748108,380.089996,80.010002,566.130676,64.874283,2071.26001
2015-03-09,121.263153,378.559998,79.440002,567.29248,63.66143,2079.429932
2015-03-10,118.754723,369.51001,77.550003,553.490417,62.151428,2044.160034
2015-03-11,116.589638,366.369995,77.57,549.670898,62.884285,2040.23999
2015-03-12,118.697479,374.23999,78.93,553.989014,64.045715,2065.949951
2015-03-13,117.877243,370.579987,78.050003,545.821472,62.628571,2053.399902
2015-03-16,119.174377,373.350006,78.07,552.99176,60.281429,2081.189941
2015-03-17,121.16777,371.920013,79.360001,549.331787,59.78857,2074.280029
2015-03-18,122.531677,375.140015,80.910004,557.968079,60.445713,2099.5
2015-03-19,121.606522,373.23999,82.75,556.462219,60.744286,2089.27002
2015-03-20,120.080482,378.48999,83.800003,558.825745,61.185715,2108.100098
2015-03-23,121.329918,375.109985,84.43,557.279968,60.714287,2104.419922
2015-03-24,120.833961,374.089996,85.309998,568.628845,62.611427,2091.5
2015-03-25,117.676964,370.959991,82.919998,557.255066,60.25,2061.050049
2015-03-26,118.497215,367.350006,83.010002,553.649963,59.751427,2056.149902
2015-03-27,117.552971,370.559998,83.300003,546.838684,59.252857,2061.02002
2015-03-30,120.528755,374.589996,83.199997,550.518555,60.367142,2086.23999
2015-03-31,118.678413,372.100006,82.220001,546.499573,59.527142,2067.889893
2015-04-01,118.506744,370.26001,81.669998,541.074463,59.017143,2059.689941
2015-04-02,119.527283,372.25,81.559998,534.063721,59.154285,2066.959961
2015-04-06,121.46344,377.040009,82.440002,535.295349,60.330002,2080.620117
2015-04-07,120.185402,374.410004,82.32,535.549622,60.494286,2076.330078
2015-04-08,119.794342,381.200012,82.279999,540.127075,63.049999,2081.899902
2015-04-09,120.709961,383.540009,82.169998,539.299377,62.785713,2091.179932
2015-04-10,121.225006,382.649994,82.040001,538.531433,64.938568,2102.060059
2015-04-13,120.986565,382.359985,83.010002,537.693787,67.811432,2092.429932
2015-04-14,120.46199,385.109985,83.519997,528.937805,68.387146,2095.840088
2015-04-15,120.919792,383.450012,82.709999,531.07196,67.922859,2106.629883
2015-04-16,120.33799,386.040009,82.309998,532.33844,80.292854,2104.98999
2015-04-17,118.983627,375.559998,80.779999,522.615173,81.650002,2081.179932
2015-04-20,121.701889,389.51001,83.089996,533.914124,81.055717,2100.399902
2015-04-21,121.0438,391.179993,83.620003,532.507996,80.062859,2097.290039
2015-04-22,122.674751,389.799988,84.629997,537.888245,79.668571,2107.959961
2015-04-23,123.676208,389.98999,82.410004,545.502319,79.865715,2112.929932
2015-04-24,124.257996,445.100006,81.529999,563.512878,79.771431,2117.689941
2015-04-27,126.518456,438.559998,81.910004,555.369995,80.868568,2108.919922
2015-04-28,124.525078,429.309998,80.68,553.679993,80.437141,2114.76001
2015-04-29,122.693825,429.369995,80.470001,549.080017,80.407143,2106.850098
2015-04-30,119.365135,421.779999,78.769997,537.340027,79.5,2085.51001
2015-05-01,122.989487,422.869995,78.989998,537.900024,79.575714,2108.290039
2015-05-04,122.751053,423.040009,78.809998,540.780029,79.271431,2114.48999
2015-05-05,119.985092,421.190002,77.559998,530.799988,80.792854,2089.459961
2015-05-06,119.231606,419.100006,78.099998,524.219971,80.077141,2080.149902
2015-05-07,119.969086,426.880005,78.43,530.700012,80.748573,2088
2015-05-08,122.229424,433.690002,78.510002,538.219971,82.085716,2116.100098
2015-05-11,120.984306,432.850006,78.010002,535.700012,84.278572,2105.330078
2015-05-12,120.553329,431.019989,77.459999,529.039978,83.377144,2099.120117
2015-05-13,120.687416,426.869995,78.440002,529.619995,82.872856,2098.47998
2015-05-14,123.503227,432.279999,81.370003,538.400024,83.835716,2121.100098
2015-05-15,123.330833,426,80.419998,533.849976,87.60714,2122.72998
2015-05-18,124.690865,425.23999,80.879997,532.299988,88.267143,2129.199951
2015-05-19,124.575912,421.709991,80.629997,537.359985,88.068573,2127.830078
2015-05-20,124.566338,423.859985,80.550003,539.27002,88.790001,2125.850098
2015-05-21,125.840164,431.630005,80.480003,542.51001,89.002853,2130.820068
2015-05-22,126.941574,427.630005,80.540001,540.109985,88.83857,2126.060059
2015-05-26,124.14492,425.470001,79.330002,532.320007,87.992859,2104.199951
2015-05-27,126.462708,431.420013,80.550003,539.789978,89.85714,2123.47998
2015-05-28,126.213676,426.570007,80.150002,539.780029,89.507141,2120.790039
2015-05-29,124.777046,429.230011,79.190002,532.109985,89.151428,2107.389893
2015-06-01,125.026062,430.920013,80.290001,533.98999,89.002853,2111.72998
2015-06-02,124.470581,430.98999,80.440002,539.179993,89.129997,2109.600098
2015-06-03,124.623802,436.589996,82.440002,540.309998,88.808571,2114.070068
2015-06-04,123.895912,430.779999,82.050003,536.700012,89.348572,2095.840088
2015-06-05,123.215904,426.950012,82.139999,533.330017,90.459999,2092.830078
2015-06-08,122.401802,423.5,80.669998,526.830017,89.604286,2079.280029
2015-06-09,122.037849,425.480011,80.669998,526.690002,92.449997,2080.149902
2015-06-10,123.436188,430.769989,82.160004,536.690002,95.871429,2105.199951
2015-06-11,123.158417,432.970001,81.830002,534.609985,95.094284,2108.860107
2015-06-12,121.798416,429.920013,81.529999,532.330017,94.418571,2094.110107
2015-06-15,121.558975,423.670013,80.709999,527.200012,93.431427,2084.429932
2015-06-16,122.210251,427.26001,81.059998,528.150024,95.272858,2096.290039
2015-06-17,121.92292,427.809998,81.790001,529.26001,94.271431,2100.439941
2015-06-18,122.478409,439.390015,82.910004,536.72998,94.742859,2121.23999
2015-06-19,121.252487,434.920013,82.510002,536.690002,93.871429,2109.98999
2015-06-22,122.219826,436.290009,84.739998,538.190002,96.414284,2122.850098
2015-06-23,121.664322,445.98999,87.879997,540.47998,97.312859,2124.199951
2015-06-24,122.698708,440.839996,88.860001,537.840027,96.944283,2108.580078
2015-06-25,122.114471,440.100006,87.980003,535.22998,94.891426,2102.310059
2015-06-26,121.396149,438.100006,88.010002,531.690002,93.08857,2101.48999
2015-06-29,119.269913,429.859985,85.800003,521.52002,92.23143,2057.639893
2015-06-30,120.131905,434.089996,85.769997,520.51001,93.848572,2063.110107
2015-07-01,121.252487,437.390015,86.910004,521.840027,93.635712,2077.419922
2015-07-02,121.099236,437.709991,87.290001,523.400024,94.044289,2076.780029
2015-07-06,120.677834,436.040009,87.550003,522.859985,94.571426,2068.76001
2015-07-07,120.380928,436.720001,87.220001,525.02002,94.091431,2081.340088
2015-07-08,117.392715,429.700012,85.650002,516.830017,93.507141,2046.680054
2015-07-09,114.998314,434.390015,85.879997,520.679993,95.727142,2051.310059
2015-07-10,118.072723,443.51001,87.949997,530.130005,97.228569,2076.620117
2015-07-13,120.352196,455.570007,90.099998,546.549988,101.087143,2099.600098
2015-07-14,120.304298,465.570007,89.68,561.099976,100.371429,2108.949951
2015-07-15,121.463196,461.190002,89.760002,560.219971,98.129997,2107.399902
2015-07-16,123.081818,475.480011,90.849998,579.849976,115.809998,2124.290039
2015-07-17,124.14492,483.01001,94.970001,672.929993,114.769997,2126.639893
2015-07-20,126.491463,488.100006,97.910004,663.02002,110.550003,2128.280029
2015-07-21,125.227188,488,98.389999,662.299988,112.510002,2119.209961
2015-07-22,119.930779,488.269989,97.040001,662.099976,111.5,2114.149902
2015-07-23,119.873306,482.179993,95.440002,644.280029,110.099998,2102.149902
2015-07-24,119.241196,529.419983,96.949997,623.559998,109.339996,2079.649902
2015-07-27,117.584259,531.409973,94.169998,627.26001,106.43,2067.639893
2015-07-28,118.168503,526.030029,95.290001,628,106.900002,2093.25
2015-07-29,117.794968,529,96.989998,631.929993,107.080002,2108.570068
2015-07-30,117.201164,536.76001,95.209999,632.590027,111.559998,2108.629883
2015-07-31,116.176353,536.150024,94.010002,625.609985,114.309998,2103.840088
2015-08-03,113.437157,535.030029,94.139999,631.210022,112.559998,2098.040039
2015-08-04,109.797668,531.900024,94.059998,629.25,121.150002,2093.320068
2015-08-05,110.525574,537.01001,96.440002,643.780029,123.709999,2099.840088
2015-08-06,110.76609,529.460022,95.120003,642.679993,126.449997,2083.560059
2015-08-07,111.141319,522.619995,94.300003,635.299988,123.519997,2077.570068
2015-08-10,115.182114,524,94.150002,633.72998,123.029999,2104.179932
2015-08-11,109.188248,527.460022,93.620003,660.780029,122.739998,2084.070068
2015-08-12,110.871918,525.909973,94.190002,659.559998,120.510002,2086.050049
2015-08-13,110.785339,529.659973,93.43,656.450012,123.730003,2083.389893
2015-08-14,111.564629,531.52002,94.419998,657.119995,123.389999,2091.540039
2015-08-17,112.719162,535.219971,93.93,660.869995,125.360001,2102.439941
2015-08-18,112.084152,535.02002,95.169998,656.130005,124.050003,2096.919922
2015-08-19,110.650642,532.919983,95.309998,660.900024,122.059998,2079.610107
2015-08-20,108.380096,515.780029,90.559998,646.830017,112.489998,2035.72998
2015-08-21,101.751259,494.470001,86.059998,612.47998,103.959999,1970.890015
2015-08-24,99.211334,463.369995,82.089996,589.609985,96.879997,1893.209961
2015-08-25,99.807816,466.369995,83,582.059998,101.519997,1867.609985
2015-08-26,105.532295,500.769989,87.190002,628.619995,110.129997,1940.51001
2015-08-27,108.639862,518.369995,89.730003,637.609985,117.660004,1987.660034
2015-08-28,108.995834,518.01001,91.010002,630.380005,117.629997,1988.869995
2015-08-31,108.485931,512.890015,89.43,618.25,115.029999,1972.180054
2015-09-01,103.636963,496.540009,87.230003,597.789978,105.790001,1913.849976
2015-09-02,108.081833,510.549988,89.889999,614.340027,105.440002,1948.859985
2015-09-03,106.186516,504.720001,88.150002,606.25,101.059998,1951.130005
2015-09-04,105.128212,499,88.260002,600.700012,98.790001,1921.219971
2015-09-08,108.052979,517.539978,89.529999,614.659973,94.949997,1969.410034
2015-09-09,105.974854,516.890015,90.440002,612.719971,99.18,1942.040039
2015-09-10,108.303116,522.23999,91.980003,621.349976,99.480003,1952.290039
2015-09-11,109.880959,529.440002,92.050003,625.77002,97.510002,1961.050049
2015-09-14,110.939262,521.380005,92.309998,623.23999,95.690002,1953.030029
2015-09-15,111.872498,522.369995,92.900002,635.140015,99.160004,1978.089966
2015-09-16,111.997581,527.390015,93.449997,635.97998,104.080002,1995.310059
2015-09-17,109.601952,538.869995,94.339996,642.900024,104.209999,1990.199951
2015-09-18,109.149773,540.26001,94.400002,629.25,102.620003,1958.030029
2015-09-21,110.843056,548.390015,95.550003,635.440002,100.300003,1966.969971
2015-09-22,109.101662,538.400024,92.959999,622.690002,98.470001,1942.73999
2015-09-23,109.986801,536.070007,93.970001,622.359985,98.07,1938.76001
2015-09-24,110.641022,533.75,94.410004,625.799988,103.760002,1932.23999
2015-09-25,110.362015,524.25,92.769997,611.969971,102.239998,1931.339966
2015-09-28,108.178062,504.059998,89.209999,594.890015,99.470001,1881.77002
2015-09-29,104.926178,496.070007,86.669998,594.969971,98.349998,1884.089966
2015-09-30,106.119179,511.890015,89.900002,608.419983,103.260002,1920.030029
2015-10-01,105.42646,520.719971,90.949997,611.289978,105.980003,1923.819946
2015-10-02,106.196136,532.539978,92.07,626.909973,106.110001,1951.359985
2015-10-05,106.580978,543.679993,94.010002,641.469971,111.25,1987.050049
2015-10-06,107.090881,537.47998,92.800003,645.440002,108.330002,1979.920044
2015-10-07,106.580978,541.940002,92.400002,642.359985,108.099998,1995.829956
2015-10-08,105.349495,533.159973,92.470001,639.159973,114.93,2013.430054
2015-10-09,107.870178,539.799988,93.239998,643.609985,113.330002,2014.890015
2015-10-12,107.369888,550.190002,94.260002,646.669983,113.449997,2017.459961
2015-10-13,107.552696,548.900024,94.120003,652.299988,109.730003,2003.689941
2015-10-14,106.032578,544.830017,94.07,651.159973,110.230003,1994.23999
2015-10-15,107.620049,562.440002,95.959999,661.73999,101.089996,2023.859985
2015-10-16,106.831116,570.76001,97.540001,662.200012,98.989998,2033.109985
2015-10-19,107.494957,573.150024,98.470001,666.099976,101.690002,2033.660034
2015-10-20,109.457634,560.880005,97,650.280029,98.989998,2030.77002
2015-10-21,109.448021,555.77002,97.110001,642.609985,97.959999,2018.939941
2015-10-22,111.122078,563.909973,99.669998,651.789978,97.32,2052.51001
2015-10-23,114.566376,599.030029,102.190002,702,100.040001,2075.149902
2015-10-26,110.910416,608.609985,103.769997,712.780029,103.040001,2071.179932
2015-10-27,110.208076,611.01001,103.699997,708.48999,103.07,2065.889893
2015-10-28,114.749161,617.099976,104.199997,712.950012,105.800003,2090.350098
2015-10-29,115.961411,626.549988,104.879997,716.919983,105.120003,2089.409912
2015-10-30,114.970459,625.900024,101.970001,710.809998,108.379997,2079.360107
2015-11-02,116.586769,628.349976,103.309998,721.109985,107.639999,2104.050049
2015-11-03,117.924095,625.309998,102.580002,722.159973,109.739998,2109.790039
2015-11-04,117.375694,640.950012,103.940002,728.109985,114.050003,2102.310059
2015-11-05,116.834602,655.650024,108.760002,731.25,113.5,2099.929932
2015-11-06,116.969872,659.369995,107.099998,733.76001,114.059998,2099.199951
2015-11-09,116.496429,655.48999,106.489998,724.890015,109.860001,2078.580078
2015-11-10,112.824814,659.679993,107.910004,728.320007,112.699997,2081.719971
2015-11-11,112.187119,673.25,109.010002,735.400024,112.860001,2075
2015-11-12,111.810295,665.599976,108.019997,731.22998,108.919998,2045.969971
2015-11-13,108.544479,642.349976,103.949997,717,103.650002,2023.040039
2015-11-16,110.322327,647.809998,104.040001,728.960022,111.349998,2053.189941
2015-11-17,109.848885,643.299988,105.129997,725.299988,117.099998,2050.439941
2015-11-18,113.327248,663.539978,107.769997,740,120.629997,2083.580078
2015-11-19,114.766914,661.27002,106.260002,738.409973,120.220001,2081.23999
2015-11-20,115.269348,668.450012,107.32,756.599976,123.839996,2089.169922
2015-11-23,113.771706,678.98999,106.949997,755.97998,125.029999,2086.590088
2015-11-24,114.863525,671.150024,105.739998,748.280029,123.309998,2089.139893
2015-11-25,114.042252,675.340027,105.410004,748.150024,124.160004,2088.870117
2015-11-27,113.829681,673.26001,105.449997,750.26001,125.440002,2090.110107
2015-11-30,114.303123,664.799988,104.239998,742.599976,123.330002,2080.409912
2015-12-01,113.375557,679.059998,107.120003,767.039978,125.370003,2102.629883
2015-12-02,112.351372,676.01001,106.07,762.380005,128.929993,2079.51001
2015-12-03,111.307861,666.25,104.379997,752.539978,126.809998,2049.620117
2015-12-04,115.008461,672.640015,106.18,766.809998,130.929993,2091.689941
2015-12-07,114.283798,669.830017,105.610001,763.25,125.360001,2077.070068
2015-12-08,114.235489,677.330017,106.489998,762.369995,126.980003,2063.590088
2015-12-09,111.713676,664.789978,104.599998,751.609985,124.199997,2047.619995
2015-12-10,112.245087,662.320007,105.419998,749.460022,122.910004,2052.22998
2015-12-11,109.356125,640.150024,102.120003,738.869995,118.910004,2012.369995
2015-12-14,108.679771,657.909973,104.660004,747.77002,120.669998,2021.939941
2015-12-15,106.756989,658.640015,104.550003,743.400024,118.599998,2043.410034
2015-12-16,107.57827,675.77002,106.790001,758.090027,122.639999,2073.070068
2015-12-17,105.298019,670.650024,106.220001,749.429993,122.510002,2041.890015
2015-12-18,102.44767,664.140015,104.040001,739.309998,118.019997,2005.550049
2015-12-21,103.703766,664.51001,104.769997,747.77002,116.629997,2021.150024
2015-12-22,103.607155,663.150024,105.510002,750,116.239998,2038.969971
2015-12-23,104.940506,663.700012,104.629997,750.309998,118.160004,2064.290039
2015-12-24,104.380112,662.789978,105.019997,748.400024,117.330002,2060.98999
2015-12-28,103.210999,675.200012,105.93,762.51001,117.110001,2056.5
2015-12-29,105.066116,693.969971,107.260002,776.599976,119.120003,2078.360107
2015-12-30,103.694107,689.070007,106.220001,771,116.709999,2063.360107
2015-12-31,101.703697,675.890015,104.660004,758.880005,114.379997,2043.939941
2016-01-04,101.790649,636.98999,102.220001,741.840027,109.959999,2012.660034
2016-01-05,99.239845,633.789978,102.730003,742.580017,107.660004,2016.709961
2016-01-06,97.29776,632.650024,102.970001,743.619995,117.68,1990.26001
2016-01-07,93.191338,607.940002,97.919998,726.390015,114.559998,1943.089966
2016-01-08,93.68412,607.049988,97.330002,714.469971,111.389999,1922.030029
2016-01-11,95.201073,617.73999,97.510002,716.030029,114.970001,1923.670044
2016-01-12,96.582756,617.890015,99.370003,726.070007,116.580002,1938.680054
2016-01-13,94.099594,581.809998,95.440002,700.559998,106.559998,1890.280029
2016-01-14,96.157608,593,98.370003,714.719971,107.059998,1921.839966
2016-01-15,93.848373,570.179993,94.970001,694.450012,104.040001,1880.329956
2016-01-19,93.394257,574.47998,95.260002,701.789978,107.889999,1881.329956
2016-01-20,93.519867,571.77002,94.349998,698.450012,107.739998,1859.329956
2016-01-21,93.046417,575.02002,94.160004,706.590027,102.349998,1868.98999
2016-01-22,97.993423,596.380005,97.940002,725.25,100.720001,1906.900024
2016-01-25,96.080322,596.530029,97.010002,711.669983,99.120003,1877.079956
2016-01-26,96.61174,601.25,97.339996,713.039978,97.830002,1903.630005
2016-01-27,90.263725,583.349976,94.449997,699.98999,91.150002,1882.949951
2016-01-28,90.911087,635.349976,109.110001,730.960022,94.410004,1893.359985
2016-01-29,94.05127,587,112.209999,742.950012,91.839996,1940.23999
2016-02-01,93.172028,574.809998,115.089996,752,94.089996,1939.380005
2016-02-02,91.28791,552.099976,114.610001,764.650024,91.489998,1903.030029
2016-02-03,93.094734,531.070007,112.690002,726.950012,90.739998,1912.530029
2016-02-04,93.842743,536.26001,110.489998,708.01001,89.709999,1915.449951
2016-02-05,91.336388,502.130005,104.07,683.570007,82.790001,1880.050049
2016-02-08,92.298134,488.100006,99.75,682.73999,83.32,1853.439941
2016-02-09,92.278694,482.070007,99.540001,678.109985,86.129997,1852.209961
2016-02-10,91.579254,490.480011,101,684.119995,88.449997,1851.859985
2016-02-11,91.025528,503.820007,101.910004,683.109985,86.349998,1829.079956
2016-02-12,91.307251,507.079987,102.010002,682.400024,87.400002,1864.780029
2016-02-16,93.881607,521.099976,101.610001,691,89.050003,1895.579956
2016-02-17,95.319359,534.099976,105.199997,708.400024,94.760002,1926.819946
2016-02-18,93.512459,525,103.470001,697.349976,90.489998,1917.829956
2016-02-19,93.298737,534.900024,104.57,700.909973,89.230003,1917.780029
2016-02-22,94.114754,559.5,107.160004,706.460022,91.93,1945.5
2016-02-23,91.987267,552.940002,105.459999,695.849976,89.120003,1921.27002
2016-02-24,93.357018,554.039978,106.879997,699.559998,91.610001,1929.800049
2016-02-25,93.998184,555.150024,108.07,705.75,94.529999,1951.699951
2016-02-26,94.143906,555.22998,107.919998,705.070007,94.790001,1948.050049
2016-02-29,93.930183,552.52002,106.919998,697.77002,93.410004,1932.22998
2016-03-01,97.660561,579.039978,109.82,718.809998,98.300003,1978.349976
2016-03-02,97.874298,580.210022,109.949997,718.849976,97.610001,1986.449951
2016-03-03,98.602882,577.48999,109.580002,712.419983,97.93,1993.400024
2016-03-04,100.069786,575.140015,108.389999,710.890015,101.580002,1999.98999
2016-03-07,98.962318,562.799988,105.730003,695.159973,95.489998,2001.76001
2016-03-08,98.146294,560.26001,105.93,693.969971,96.230003,1979.26001
2016-03-09,98.233734,559.469971,107.510002,705.23999,98,1989.26001
2016-03-10,98.282295,558.929993,107.32,712.820007,97.360001,1989.569946
2016-03-11,99.341187,569.609985,109.410004,726.820007,97.660004,2022.189941
2016-03-14,99.593773,573.369995,109.889999,730.48999,98.129997,2019.640015
2016-03-15,101.594978,577.02002,110.669998,728.330017,97.860001,2015.930054
2016-03-16,102.945305,574.27002,112.18,736.090027,99.349998,2027.219971
2016-03-17,102.780144,559.440002,111.019997,737.780029,99.720001,2040.589966
2016-03-18,102.896729,552.080017,111.449997,737.599976,101.120003,2049.580078
2016-03-21,102.887009,553.97998,111.849998,742.090027,101.059998,2051.600098
2016-03-22,103.673882,560.47998,112.25,740.75,99.839996,2049.800049
2016-03-23,103.100731,569.630005,112.540001,738.059998,99.589996,2036.709961
2016-03-24,102.653854,582.950012,113.050003,735.299988,98.360001,2035.939941
2016-03-28,102.187561,579.869995,113.690002,733.530029,101.209999,2037.050049
2016-03-29,104.606491,593.859985,116.139999,744.77002,104.129997,2055.01001
2016-03-30,106.432831,598.690002,114.699997,750.530029,102.190002,2063.949951
2016-03-31,105.879097,593.640015,114.099998,744.950012,102.230003,2059.73999
2016-04-01,106.850548,598.5,116.059998,749.909973,105.699997,2072.780029
2016-04-04,107.948303,593.190002,112.550003,745.289978,104.349998,2066.129883
2016-04-05,106.675682,586.140015,112.220001,737.799988,104.940002,2045.170044
2016-04-06,107.79287,602.080017,113.709999,745.690002,104.830002,2066.659912
2016-04-07,105.441956,591.429993,113.639999,740.280029,104.449997,2041.910034
2016-04-08,105.558517,594.599976,110.629997,739.150024,103.809998,2047.599976
2016-04-11,105.908234,595.929993,108.989998,736.099976,102.68,2041.98999
2016-04-12,107.287712,603.169983,110.610001,743.090027,106.980003,2061.719971
2016-04-13,108.842041,614.820007,110.510002,751.719971,109.650002,2082.419922
2016-04-14,108.900322,620.75,110.839996,753.200012,110.419998,2082.780029
2016-04-15,106.714546,625.890015,109.639999,759,111.510002,2080.72998
2016-04-18,104.412193,635.349976,110.449997,766.609985,108.400002,2094.340088
2016-04-19,103.858475,627.900024,112.290001,753.929993,94.339996,2100.800049
2016-04-20,104.072182,632.98999,112.419998,752.669983,96.769997,2102.399902
2016-04-21,102.945305,631,113.440002,759.140015,94.980003,2091.47998
2016-04-22,102.663574,620.5,110.559998,718.77002,95.900002,2091.580078
2016-04-25,102.080704,626.200012,110.099998,723.150024,93.559998,2087.790039
2016-04-26,101.371529,616.880005,108.760002,708.140015,92.43,2091.699951
2016-04-27,95.027931,606.570007,108.889999,705.840027,91.040001,2095.149902
2016-04-28,92.123268,602,116.730003,691.02002,90.279999,2075.810059
2016-04-29,91.064392,659.590027,117.580002,693.01001,90.029999,2065.300049
2016-05-02,90.967239,683.849976,118.57,698.210022,93.110001,2081.429932
2016-05-03,92.46328,671.320007,117.43,692.359985,91.540001,2063.370117
2016-05-04,91.501541,670.900024,118.059998,695.700012,90.790001,2051.120117
2016-05-05,91.130135,659.090027,117.809998,701.429993,89.370003,2050.629883
2016-05-06,90.621895,673.950012,119.489998,711.119995,90.839996,2057.139893
2016-05-09,90.690315,679.75,119.239998,712.900024,90.540001,2058.689941
2016-05-10,91.306053,703.070007,120.5,723.179993,92.889999,2084.389893
2016-05-11,90.416656,713.22998,119.519997,715.289978,90.019997,2064.459961
2016-05-12,88.295753,717.929993,120.279999,713.309998,87.739998,2064.110107
2016-05-13,88.47168,709.919983,119.809998,710.830017,87.879997,2046.609985
2016-05-16,91.755653,710.659973,118.669998,716.48999,89.120003,2066.659912
2016-05-17,91.374474,695.27002,117.349998,706.22998,88.629997,2047.209961
2016-05-18,92.420265,697.450012,117.650002,706.630005,90.5,2047.630005
2016-05-19,92.068405,698.52002,116.809998,700.320007,89.550003,2040.040039
2016-05-20,93.065338,702.799988,117.349998,709.73999,92.489998,2052.320068
2016-05-23,94.24794,696.75,115.970001,704.23999,94.889999,2048.040039
2016-05-24,95.684692,704.200012,117.699997,720.090027,97.889999,2076.060059
2016-05-25,97.365761,708.349976,117.889999,725.27002,100.199997,2090.540039
2016-05-26,98.137901,714.909973,119.470001,724.119995,102.809998,2090.100098
2016-05-27,98.079239,712.23999,119.379997,732.659973,103.300003,2099.060059
2016-05-31,97.600334,722.789978,118.809998,735.719971,102.57,2096.949951
2016-06-01,96.232025,719.440002,118.779999,734.150024,101.510002,2099.330078
2016-06-02,95.508759,728.23999,118.93,730.400024,101.25,2105.26001
2016-06-03,95.704224,725.539978,118.470001,722.340027,99.589996,2099.129883
2016-06-06,96.398163,726.72998,118.790001,716.549988,100.739998,2109.409912
2016-06-07,96.789108,723.73999,117.760002,716.650024,99.889999,2112.129883
2016-06-08,96.701157,726.640015,118.389999,728.280029,97.860001,2119.120117
2016-06-09,97.395081,727.650024,118.559998,728.580017,97.089996,2115.47998
2016-06-10,96.593636,717.909973,116.620003,719.409973,93.75,2096.070068
2016-06-13,95.137352,715.23999,113.949997,718.359985,93.849998,2079.060059
2016-06-14,95.254646,719.299988,114.940002,718.27002,94.120003,2075.320068
2016-06-15,94.941887,714.26001,114.599998,718.919983,94.290001,2071.5
2016-06-16,95.342613,717.51001,114.389999,710.359985,95.440002,2077.98999
2016-06-17,93.172836,706.390015,113.019997,691.719971,94.449997,2071.219971
2016-06-20,92.948044,714.01001,113.370003,693.710022,93.800003,2083.25
2016-06-21,93.739723,715.820007,114.379997,695.940002,90.989998,2088.899902
2016-06-22,93.387871,710.599976,113.910004,697.460022,90.010002,2085.449951
2016-06-23,93.925415,722.080017,115.080002,701.869995,91.660004,2113.320068
2016-06-24,91.286514,698.960022,112.080002,675.219971,88.440002,2037.410034
2016-06-27,89.957291,691.359985,108.970001,668.26001,85.330002,2000.540039
2016-06-28,91.472214,707.950012,112.699997,680.039978,87.970001,2036.089966
2016-06-29,92.263885,715.599976,114.160004,684.109985,91.059998,2070.77002
2016-06-30,93.436729,715.619995,114.279999,692.099976,91.480003,2098.860107
2016-07-01,93.720169,725.679993,114.190002,699.210022,96.669998,2102.949951
2016-07-05,92.840523,728.099976,114.199997,694.950012,97.910004,2088.550049
2016-07-06,93.368317,737.609985,116.699997,697.77002,94.599998,2099.72998
2016-07-07,93.769043,736.570007,115.849998,695.359985,95.099998,2097.899902
2016-07-08,94.492294,745.809998,117.239998,705.630005,97.059998,2129.899902
2016-07-11,94.7855,753.780029,117.870003,715.090027,94.669998,2137.159912
2016-07-12,95.215546,748.210022,117.93,720.640015,95.970001,2152.139893
2016-07-13,94.678001,742.630005,116.779999,716.97998,96.43,2152.429932
2016-07-14,96.554558,741.200012,117.290001,720.950012,98.019997,2163.75
2016-07-15,96.544777,735.440002,116.860001,719.849976,98.389999,2161.73999
2016-07-18,97.571014,736.070007,119.370003,733.780029,98.809998,2166.889893
2016-07-19,97.610107,739.950012,120.610001,736.960022,85.839996,2163.780029
2016-07-20,97.698074,745.719971,121.919998,741.190002,87.910004,2173.02002
2016-07-21,97.180069,744.429993,120.610001,738.630005,85.989998,2165.169922
2016-07-22,96.42749,744.859985,121,742.73999,85.889999,2175.030029
2016-07-25,95.137352,739.609985,121.629997,739.77002,87.660004,2168.47998
2016-07-26,94.482521,735.590027,121.220001,738.419983,91.410004,2169.179932
2016-07-27,100.620415,736.669983,123.339996,741.77002,92.040001,2166.580078
2016-07-28,101.978951,752.609985,125,745.909973,91.650002,2170.060059
2016-07-29,101.851898,758.809998,123.940002,768.789978,91.25,2173.600098
2016-08-01,103.650261,767.73999,124.309998,772.880005,94.370003,2170.840088
2016-08-02,102.115791,760.580017,123.089996,771.070007,93.559998,2157.030029
2016-08-03,103.396149,754.640015,122.510002,773.179993,93.099998,2163.790039
2016-08-04,104.034889,760.77002,124.360001,771.609985,93.440002,2164.25
2016-08-05,105.616966,765.97998,125.150002,782.219971,97.029999,2182.870117
2016-08-08,106.491547,766.559998,125.260002,781.76001,95.110001,2180.889893
2016-08-09,106.92392,768.309998,125.059998,784.26001,93.989998,2181.73999
2016-08-10,106.12796,768.559998,124.879997,784.679993,93.93,2175.48999
2016-08-11,106.059174,771.23999,124.900002,784.849976,95.889999,2185.790039
2016-08-12,106.30484,772.559998,124.879997,783.219971,96.589996,2184.050049
2016-08-15,107.582306,768.48999,123.900002,782.440002,95.309998,2190.149902
2016-08-16,107.484032,764.039978,123.300003,777.140015,95.120003,2178.149902
2016-08-17,107.32682,764.630005,124.370003,779.909973,96.370003,2182.219971
2016-08-18,107.189247,764.460022,123.910004,777.5,96.160004,2187.02002
2016-08-19,107.464386,757.309998,123.559998,775.419983,95.870003,2183.870117
2016-08-22,106.62912,759.47998,124.150002,772.150024,95.260002,2182.639893
2016-08-23,106.963219,762.450012,124.370003,772.080017,95.940002,2186.899902
2016-08-24,106.15744,757.25,123.480003,769.640015,95.18,2175.439941
2016-08-25,105.705414,759.219971,123.889999,769.409973,97.32,2172.469971
2016-08-26,105.086334,769,124.959999,769.539978,97.580002,2169.040039
2016-08-29,104.968414,771.289978,126.540001,772.150024,97.300003,2180.379883
2016-08-30,104.162621,767.580017,125.839996,769.090027,97.449997,2176.120117
2016-08-31,104.260887,769.159973,126.120003,767.049988,97.449997,2170.949951
2016-09-01,104.879982,770.619995,126.169998,768.780029,97.379997,2170.860107
2016-09-02,105.862648,772.440002,126.510002,771.460022,97.379997,2179.97998
2016-09-06,105.833153,788.869995,129.729996,780.080017,100.089996,2186.47998
2016-09-07,106.48172,784.47998,131.050003,780.349976,99.150002,2186.159912
2016-09-08,103.690956,784.059998,130.270004,775.320007,99.660004,2181.300049
2016-09-09,101.342369,760.140015,127.099998,759.659973,96.5,2127.810059
2016-09-12,103.612335,771.48999,128.690002,769.02002,99.050003,2159.040039
2016-09-13,106.078827,761.01001,127.209999,759.690002,96.089996,2127.02002
2016-09-14,109.832603,761.090027,127.769997,762.48999,97.010002,2125.77002
2016-09-15,113.566742,769.690002,128.350006,771.76001,97.339996,2147.26001
2016-09-16,112.928009,778.52002,129.070007,768.880005,99.480003,2139.159912
2016-09-19,111.611237,775.099976,128.649994,765.700012,98.059998,2139.120117
2016-09-20,111.60141,780.219971,128.639999,771.409973,98.25,2139.76001
2016-09-21,111.581757,789.73999,129.940002,776.219971,94.879997,2163.120117
2016-09-22,112.633217,804.700012,130.080002,787.210022,95.830002,2177.179932
2016-09-23,110.756317,805.75,127.959999,786.900024,95.940002,2164.689941
2016-09-26,110.923363,799.159973,127.309998,774.210022,94.559998,2146.100098
2016-09-27,111.129723,816.109985,128.690002,783.01001,97.07,2159.929932
2016-09-28,111.974823,828.719971,129.229996,781.559998,97.480003,2171.370117
2016-09-29,110.235504,829.049988,128.089996,775.01001,96.669998,2151.129883
2016-09-30,111.090431,837.309998,128.270004,777.289978,98.550003,2168.27002
2016-10-03,110.569603,836.73999,128.770004,772.559998,102.629997,2161.199951
2016-10-04,111.04129,834.030029,128.190002,776.429993,102.339996,2150.48999
2016-10-05,111.090431,844.359985,128.470001,776.469971,106.279999,2159.72998
2016-10-06,111.915863,841.659973,128.740005,776.859985,105.07,2160.77002
2016-10-07,112.082916,839.429993,128.990005,775.080017,104.82,2153.73999
2016-10-10,114.038429,841.710022,130.240005,785.940002,103.330002,2163.659912
2016-10-11,114.284088,831,128.880005,783.070007,100.589996,2136.72998
2016-10-12,115.306061,834.090027,129.050003,786.140015,99.5,2139.179932
2016-10-13,114.952301,829.280029,127.82,778.190002,100.230003,2132.550049
2016-10-14,115.591034,822.960022,127.879997,778.530029,101.470001,2132.97998
2016-10-17,115.512428,812.950012,127.540001,779.960022,99.800003,2126.5
2016-10-18,115.433815,817.650024,128.570007,795.26001,118.790001,2139.600098
2016-10-19,115.089874,817.690002,130.110001,801.5,121.870003,2144.290039
2016-10-20,115.030914,810.320007,130,796.969971,123.349998,2141.340088
2016-10-21,114.57888,818.98999,132.070007,799.369995,127.5,2141.159912
2016-10-24,115.61068,838.090027,133.279999,813.109985,127.330002,2151.330078
2016-10-25,116.200294,835.179993,132.289993,807.669983,126.510002,2143.159912
2016-10-26,113.586395,822.590027,131.039993,799.070007,126.970001,2139.429932
2016-10-27,112.495644,818.359985,129.690002,795.349976,126.470001,2133.040039
2016-10-28,111.748817,776.320007,131.289993,795.369995,126.57,2126.409912
2016-10-31,111.57193,789.820007,130.990005,784.539978,124.870003,2126.149902
2016-11-01,109.557465,785.409973,129.5,783.609985,123.300003,2111.719971
2016-11-02,109.655731,765.559998,127.169998,768.700012,122.339996,2097.939941
2016-11-03,108.480354,767.030029,120,762.130005,122.139999,2088.659912
2016-11-04,107.502518,755.049988,120.75,762.02002,122.029999,2085.179932
2016-11-07,109.053238,784.929993,122.150002,782.52002,124.580002,2131.52002
2016-11-08,109.695236,787.75,124.220001,790.51001,124.339996,2139.560059
2016-11-09,109.517456,771.880005,123.18,785.309998,122.190002,2163.26001
2016-11-10,106.465424,742.380005,120.800003,762.559998,115.419998,2167.47998
2016-11-11,107.097557,739.01001,119.019997,754.02002,114.779999,2164.449951
2016-11-14,104.41098,719.070007,115.080002,736.080017,113.379997,2164.199951
2016-11-15,105.793777,743.23999,117.199997,758.48999,113.589996,2180.389893
2016-11-16,108.638382,746.48999,116.339996,764.47998,115.190002,2176.939941
2016-11-17,108.598877,756.400024,117.790001,771.22998,115.029999,2187.120117
2016-11-18,108.707527,760.159973,117.019997,760.539978,115.209999,2181.899902
2016-11-21,110.35701,780,121.769997,769.200012,117.959999,2198.179932
2016-11-22,110.426147,785.330017,121.470001,768.27002,118.040001,2202.939941
2016-11-23,109.863159,780.119995,120.839996,760.98999,117.690002,2204.719971
2016-11-25,110.416275,780.369995,120.379997,761.679993,117.410004,2213.350098
2016-11-28,110.198975,766.77002,120.410004,768.23999,116.93,2201.719971
2016-11-29,110.090332,762.52002,120.870003,770.840027,117.510002,2204.659912
2016-11-30,109.16188,750.570007,118.419998,758.039978,117,2198.810059
2016-12-01,108.144531,743.650024,115.099998,747.919983,117.220001,2191.080078
2016-12-02,108.5495,740.340027,115.400002,750.5,120.809998,2191.949951
2016-12-05,107.769203,759.359985,117.43,762.52002,119.160004,2204.709961
2016-12-06,108.598877,764.719971,117.309998,759.109985,124.57,2212.22998
2016-12-07,109.665604,770.419983,117.949997,771.190002,125.389999,2241.350098
2016-12-08,110.742218,767.330017,118.910004,776.419983,123.239998,2246.189941
2016-12-09,112.549728,768.659973,119.68,789.289978,122.879997,2259.530029
2016-12-12,111.907722,760.119995,117.769997,789.27002,122.830002,2256.959961
2016-12-13,113.77449,774.340027,120.309998,796.099976,123.779999,2271.719971
2016-12-14,113.77449,768.820007,120.209999,797.070007,123.440002,2253.280029
2016-12-15,114.396751,761,120.57,797.849976,125,2262.030029
2016-12-16,114.544907,757.77002,119.870003,790.799988,124.220001,2258.070068
2016-12-19,115.206673,766,119.239998,794.200012,125.449997,2262.530029
2016-12-20,115.512863,771.219971,119.089996,796.419983,125.120003,2270.76001
2016-12-21,115.621513,770.599976,119.040001,794.559998,126.5,2265.179932
2016-12-22,114.860977,766.340027,117.400002,791.26001,125.580002,2260.959961
2016-12-23,115.088142,760.590027,117.269997,789.909973,125.589996,2263.790039
2016-12-27,115.819054,771.400024,118.010002,791.549988,128.350006,2268.879883
2016-12-28,115.325203,772.130005,116.919998,785.049988,125.889999,2249.919922
2016-12-29,115.29557,765.150024,116.349998,782.789978,125.330002,2249.26001
2016-12-30,114.396751,749.869995,115.050003,771.820007,123.800003,2238.830078
2017-01-03,114.722694,753.669983,116.860001,786.140015,127.489998,2257.830078
2017-01-04,114.594292,757.179993,118.690002,786.900024,129.410004,2270.75
2017-01-05,115.17704,780.450012,120.669998,794.02002,131.809998,2269
2017-01-06,116.461075,795.98999,123.410004,806.150024,131.070007,2276.97998
2017-01-09,117.527794,796.919983,124.900002,806.650024,130.949997,2268.899902
2017-01-10,117.646317,795.900024,124.349998,804.789978,129.889999,2268.899902
2017-01-11,118.278458,799.02002,126.089996,807.909973,130.5,2275.320068
2017-01-12,117.784599,813.640015,126.620003,806.359985,129.179993,2270.439941
2017-01-13,117.577179,817.140015,128.339996,807.880005,133.699997,2274.639893
2017-01-17,118.525383,809.719971,127.870003,804.609985,132.889999,2267.889893
2017-01-18,118.515503,807.47998,127.919998,806.070007,133.259995,2271.889893
2017-01-19,118.308083,809.039978,127.550003,802.174988,138.410004,2263.689941
2017-01-20,118.525383,808.330017,127.040001,805.02002,138.600006,2271.310059
2017-01-23,118.604401,817.880005,128.929993,819.309998,137.389999,2265.199951
2017-01-24,118.495758,822.440002,129.369995,823.869995,140.110001,2280.070068
2017-01-25,120.382278,836.52002,131.479996,835.669983,139.520004,2298.370117
2017-01-26,120.441551,839.150024,132.779999,832.150024,138.960007,2296.679932
2017-01-27,120.451416,835.77002,132.179993,823.309998,142.449997,2294.689941
2017-01-30,120.135345,830.380005,130.979996,802.320007,141.220001,2280.899902
2017-01-31,119.858795,823.47998,130.320007,796.789978,140.710007,2278.870117
2017-02-01,127.167854,832.349976,133.229996,795.695007,140.779999,2279.550049
2017-02-02,126.950554,839.950012,130.839996,798.530029,139.199997,2280.850098
2017-02-03,127.493805,810.200012,130.979996,801.48999,140.25,2297.419922
2017-02-06,128.688934,807.640015,132.059998,801.340027,140.970001,2292.560059
2017-02-07,129.913696,812.5,131.839996,806.969971,144,2293.080078
2017-02-08,130.417435,819.710022,134.199997,808.380005,144.740005,2294.669922
2017-02-09,131.359818,821.359985,134.139999,809.559998,144.139999,2307.870117
2017-02-10,131.062225,827.460022,134.190002,813.669983,144.820007,2316.100098
2017-02-13,132.222839,836.530029,134.050003,819.23999,143.199997,2328.25
2017-02-14,133.939011,836.390015,133.850006,820.450012,140.820007,2337.580078
2017-02-15,134.425079,842.700012,133.440002,818.97998,142.270004,2349.25
2017-02-16,134.266357,844.140015,133.839996,824.159973,142.009995,2347.219971
2017-02-17,134.633408,845.070007,133.529999,828.070007,142.220001,2351.159912
2017-02-21,135.60556,856.440002,133.720001,831.659973,142.600006,2365.379883
2017-02-22,136.012268,855.609985,136.119995,830.76001,143.860001,2362.820068
2017-02-23,135.43692,852.190002,135.360001,831.330017,142.779999,2363.810059
2017-02-24,135.565887,845.23999,135.440002,828.640015,143.25,2367.340088
2017-02-27,135.83371,848.640015,136.410004,829.280029,143.410004,2369.75
2017-02-28,135.89325,845.039978,135.539993,823.210022,142.130005,2363.639893
2017-03-01,138.670807,853.080017,137.419998,835.23999,142.649994,2395.959961
2017-03-02,137.847473,848.909973,136.759995,830.630005,139.529999,2381.919922
2017-03-03,138.660889,849.880005,137.169998,829.080017,139.139999,2383.120117
2017-03-06,138.224426,846.609985,137.419998,827.780029,141.940002,2375.310059
2017-03-07,138.402985,846.02002,137.300003,831.909973,141.429993,2368.389893
2017-03-08,137.887146,850.5,137.720001,835.369995,140.320007,2362.97998
2017-03-09,137.569687,853,138.240005,838.679993,140.529999,2364.870117
2017-03-10,138.026016,852.460022,138.789993,843.25,140.889999,2372.600098
2017-03-13,138.085541,854.590027,139.600006,845.539978,143.520004,2373.469971
2017-03-14,137.877228,852.530029,139.320007,845.619995,143.190002,2365.449951
2017-03-15,139.335464,852.969971,139.720001,847.200012,145.25,2385.26001
2017-03-16,139.563614,853.419983,139.990005,848.780029,144.389999,2381.379883
2017-03-17,138.869217,852.309998,139.839996,852.119995,145.110001,2378.25
2017-03-20,140.327454,856.969971,139.940002,848.400024,145.830002,2373.469971
2017-03-21,138.720413,843.200012,138.509995,830.460022,142.419998,2344.02002
2017-03-22,140.287766,848.059998,139.589996,829.590027,142.649994,2348.449951
2017-03-23,139.791763,847.380005,139.529999,817.580017,141.839996,2345.959961
2017-03-24,139.514008,845.609985,140.339996,814.429993,142.020004,2343.97998
2017-03-27,139.752106,846.820007,140.320007,819.51001,144.059998,2341.590088
2017-03-28,142.648712,856,141.759995,820.919983,145.169998,2358.570068
2017-03-29,142.966141,874.320007,142.649994,831.409973,146.470001,2361.129883
2017-03-30,142.777664,876.340027,142.410004,831.5,148.059998,2368.060059
2017-03-31,142.509842,886.539978,142.050003,829.559998,147.809998,2362.719971
2017-04-03,142.549515,891.51001,142.279999,838.549988,146.919998,2358.840088
2017-04-04,143.610962,906.830017,141.729996,834.570007,145.5,2360.159912
2017-04-05,142.866959,909.280029,141.850006,831.409973,143.619995,2352.949951
2017-04-06,142.509842,898.280029,141.169998,827.880005,143.740005,2357.48999
2017-04-07,142.192398,894.880005,140.779999,824.669983,143.110001,2355.540039
2017-04-10,142.023758,907.039978,141.039993,824.72998,143.850006,2357.159912
2017-04-11,140.496094,902.359985,139.919998,823.349976,144.350006,2353.780029
2017-04-12,140.664734,896.22998,139.580002,824.320007,143.830002,2344.929932
2017-04-13,139.920731,884.669983,139.389999,823.559998,142.919998,2328.949951
2017-04-17,140.694489,901.98999,141.419998,837.169983,147.25,2349.01001
2017-04-18,140.069519,903.780029,140.960007,836.820007,143.360001,2342.189941
2017-04-19,139.553696,899.200012,142.270004,838.210022,139.759995,2338.169922
2017-04-20,141.299591,902.059998,143.800003,841.650024,141.179993,2355.840088
2017-04-21,141.130966,898.530029,143.679993,843.190002,142.869995,2348.689941
2017-04-24,142.48999,907.409973,145.470001,862.76001,143.830002,2374.149902
2017-04-25,143.372864,907.619995,146.490005,872.299988,152.160004,2388.610107
2017-04-26,142.529663,909.289978,146.559998,871.72998,150.169998,2387.449951
2017-04-27,142.638794,918.380005,147.699997,874.25,153.080002,2388.77002
2017-04-28,142.499893,924.98999,150.25,905.960022,152.199997,2384.199951
2017-05-01,145.406448,948.22998,152.460007,912.570007,155.350006,2388.330078
2017-05-02,146.32901,946.940002,152.779999,916.440002,156.449997,2391.169922
2017-05-03,145.882614,941.030029,151.800003,927.039978,155.589996,2388.129883
2017-05-04,145.356857,937.530029,150.850006,931.659973,157.25,2389.52002
2017-05-05,147.76741,934.150024,150.240005,927.130005,156.600006,2399.290039
2017-05-08,151.784973,949.039978,151.059998,934.299988,156.380005,2399.379883
2017-05-09,152.757141,952.820007,150.479996,932.169983,157.460007,2396.919922
2017-05-10,152.032974,948.950012,150.289993,928.780029,160.279999,2399.629883
2017-05-11,153.347809,947.619995,150.039993,930.599976,158.539993,2394.439941
2017-05-12,155.48941,961.349976,150.330002,932.219971,160.809998,2390.899902
2017-05-15,155.090958,957.969971,150.190002,937.080017,160.020004,2402.320068
2017-05-16,154.861862,966.070007,149.779999,943,159.410004,2400.669922
2017-05-17,149.662277,944.76001,144.850006,919.619995,153.199997,2357.030029
2017-05-18,151.943314,958.48999,147.660004,930.23999,155.699997,2365.719971
2017-05-19,152.461288,959.840027,148.059998,934.01001,157.020004,2381.72998
2017-05-22,153.38765,970.669983,148.240005,941.859985,157.160004,2394.02002
2017-05-23,153.198395,971.539978,148.070007,948.820007,157.949997,2398.419922
2017-05-24,152.740189,980.349976,150.039993,954.960022,157.75,2404.389893
2017-05-25,153.268112,993.380005,151.960007,969.539978,163.050003,2415.070068
2017-05-26,153.00914,995.780029,152.130005,971.469971,162.429993,2415.820068
2017-05-30,153.068893,996.700012,152.380005,975.880005,163.220001,2412.909912
2017-05-31,152.16246,994.619995,151.460007,964.859985,163.070007,2411.800049
2017-06-01,152.580811,995.950012,151.529999,966.950012,162.990005,2430.060059
2017-06-02,154.841934,1006.72998,153.610001,975.599976,165.179993,2439.070068
2017-06-05,153.327881,1011.340027,153.630005,983.679993,165.059998,2436.100098
2017-06-06,153.845856,1003,152.809998,976.570007,165.169998,2429.330078
2017-06-07,154.762253,1010.070007,153.119995,980.940002,165.610001,2433.139893
2017-06-08,154.383743,1010.27002,154.710007,983.409973,165.880005,2433.790039
2017-06-09,148.397247,978.309998,149.600006,949.830017,158.029999,2431.77002
2017-06-12,144.851166,964.909973,148.440002,942.900024,151.440002,2429.389893
2017-06-13,146.016586,980.789978,150.679993,953.400024,152.720001,2440.350098
2017-06-14,144.592194,976.469971,150.25,950.76001,152.199997,2437.919922
2017-06-15,143.725586,964.169983,149.800003,942.309998,151.759995,2432.459961
2017-06-16,141.713501,987.710022,150.639999,939.780029,152.380005,2433.149902
2017-06-19,145.767578,995.169983,152.869995,957.369995,153.399994,2453.459961
2017-06-20,144.442764,992.590027,152.25,950.630005,152.050003,2437.030029
2017-06-21,145.299408,1002.22998,153.910004,959.450012,155.029999,2435.610107
2017-06-22,145.060364,1001.299988,153.399994,957.090027,154.889999,2434.5
2017-06-23,145.707809,1003.73999,155.070007,965.590027,158.020004,2438.300049
2017-06-26,145.249619,993.97998,153.589996,952.27002,157.5,2439.070068
2017-06-27,143.167786,976.780029,150.580002,927.330017,151.029999,2419.379883
2017-06-28,145.259567,990.330017,153.240005,940.48999,153.410004,2440.689941
2017-06-29,143.117966,975.929993,151.039993,917.789978,150.089996,2419.699951
2017-06-30,143.45665,968,150.979996,908.72998,149.410004,2423.409912
2017-07-03,142.93869,953.659973,148.429993,898.700012,146.169998,2429.01001
2017-07-05,143.526367,971.400024,150.339996,911.710022,147.610001,2432.540039
2017-07-06,142.171692,965.140015,148.820007,906.690002,146.25,2409.75
2017-07-07,143.616013,978.76001,151.440002,918.590027,150.179993,2425.179932
2017-07-10,144.492584,996.469971,153.5,928.799988,152.669998,2427.429932
2017-07-11,144.960739,994.130005,155.270004,930.090027,154.330002,2425.530029
2017-07-12,145.169922,1006.51001,158.899994,943.830017,158.75,2443.25
2017-07-13,147.191986,1000.630005,159.259995,947.159973,158.210007,2447.830078
2017-07-14,148.457001,1001.809998,159.970001,955.98999,161.119995,2459.27002
2017-07-17,148.974976,1010.039978,159.729996,953.419983,161.699997,2459.139893
2017-07-18,149.49295,1024.449951,162.860001,965.400024,183.600006,2460.610107
2017-07-19,150.429276,1026.869995,164.139999,970.890015,183.860001,2473.830078
2017-07-20,149.751923,1028.699951,164.529999,968.150024,183.600006,2473.449951
2017-07-21,149.682205,1025.670044,164.429993,972.919983,188.539993,2472.540039
2017-07-24,151.495071,1038.949951,166,980.340027,187.910004,2469.909912
2017-07-25,152.142548,1039.869995,165.279999,950.700012,186.970001,2477.129883
2017-07-26,152.859726,1052.800049,165.610001,947.799988,189.080002,2477.830078
2017-07-27,149.971069,1046,170.440002,934.090027,182.679993,2475.419922
2017-07-28,148.915207,1020.039978,172.449997,941.530029,184.039993,2472.100098
2017-07-31,148.148224,987.780029,169.25,930.5,181.660004,2470.300049
2017-08-01,149.463058,996.190002,169.860001,930.830017,182.029999,2476.350098
2017-08-02,156.52533,995.890015,169.300003,930.390015,180.740005,2477.570068
2017-08-03,154.961472,986.919983,168.589996,923.650024,179.229996,2472.159912
2017-08-04,155.778259,987.580017,169.619995,927.960022,180.270004,2476.830078
2017-08-07,158.188797,992.27002,171.979996,929.359985,181.330002,2480.909912
2017-08-08,159.453827,989.840027,171.229996,926.789978,178.360001,2474.919922
2017-08-09,160.429993,982.01001,171.179993,922.900024,175.779999,2474.02002
2017-08-10,155.320007,956.919983,167.399994,907.23999,169.139999,2438.209961
2017-08-11,157.479996,967.98999,168.080002,914.390015,171.399994,2441.320068
2017-08-14,159.850006,983.299988,170.75,922.669983,171,2465.840088
2017-08-15,161.600006,982.73999,171,922.219971,168.5,2464.610107
2017-08-16,160.949997,978.179993,170,926.960022,169.979996,2468.110107
2017-08-17,157.860001,960.570007,166.910004,910.97998,166.089996,2430.01001
2017-08-18,157.5,958.469971,167.410004,910.669983,166.539993,2425.550049
2017-08-21,157.210007,953.289978,167.779999,906.659973,166.759995,2428.370117
2017-08-22,159.779999,966.900024,169.639999,924.690002,169.339996,2452.51001
